"8",chat
"9",enterprise
"10",networking
"12",basic
"13",OTHER
"15",file_mngt
"17",networking
"19",basic
"23",gaming
"25",mm_streaming
"26",OTHER
"28",basic
"29",OTHER
"31",file_mngt
"32",networking
"33",basic
"34",web
"35",OTHER
"36",basic
"37",enterprise
"44",basic
"45",OTHER
"51",web
"52",file_mngt
"53",file_mngt
"54",web
"55",web
"56",social_network
"57",web
"58",basic
"60",OTHER
"67",basic
"69",enterprise
"70",basic
"71",basic
"74",basic
"75",OTHER
"77",web
"81",basic
"82",basic
"84",enterprise
"85",basic
"88",networking
"90",OTHER
"91",forum
"92",OTHER
"95",enterprise
"96",file_mngt
"98",basic
"100",OTHER
"105",enterprise
"106",enterprise
"107",OTHER
"111",update
"113",OTHER
"114",basic
"115",mm_streaming
"116",mobile
"120",audio_chat
"121",forum
"122",web
"124",file_mngt
"125",social_network
"127",basic
"128",networking
"130",OTHER
"132",file_mngt
"133",networking
"136",enterprise
"138",file_mngt
"139",networking
"140",basic
"141",enterprise
"142",audio_chat
"145",basic
"147",OTHER
"156",im_mc
"157",gaming
"161",enterprise
"163",OTHER
"166",networking
"167",enterprise
"168",networking
"169",file_mngt
"171",file_mngt
"172",basic
"173",file_mngt
"175",im_mc
"176",mm_streaming
"177",networking
"179",OTHER
"180",basic
"181",web
"182",audio_chat
"183",file_transfer
"184",OTHER
"186",OTHER
"188",networking
"191",networking
"195",web
"197",enterprise
"198",remote_access
"199",basic
"202",file_mngt
"205",basic
"209",OTHER
"211",OTHER
"212",enterprise
"216",basic
"217",basic
"220",enterprise
"221",basic
"222",web
"223",file_mngt
"227",OTHER
"229",web
"230",enterprise
"232",enterprise
"233",forum
"234",web
"236",web
"237",audio_chat
"239",im_mc
"240",mm_streaming
"241",enterprise
"243",enterprise
"244",chat
"245",file_transfer
"246",web
"247",advertising
"250",chat
"251",mm_streaming
"252",file_transfer
"255",file_transfer
"258",im_mc
"259",web
"261",enterprise
"262",web
"263",web
"264",OTHER
"265",web
"266",file_mngt
"267",file_mngt
"268",social_network
"269",chat
"270",web
"271",file_mngt
"272",file_mngt
"273",chat
"274",file_mngt
"275",chat
"276",chat
"278",file_mngt
"279",mm_streaming
"280",mobile
"281",im_mc
"283",web
"285",social_network
"286",web
"287",web
"288",web
"289",web
"290",web
"291",web
"292",web
"293",web
"294",OTHER
"295",web
"296",web
"297",blog
"298",web
"299",web
"300",social_network
"301",social_network
"302",blog
"303",social_network
"304",social_network
"305",email
"306",web
"307",gaming
"308",web
"309",web
"310",mm_streaming
"311",web
"313",file_mngt
"314",file_mngt
"315",file_mngt
"316",file_mngt
"317",file_mngt
"318",news_portal
"319",social_network
"320",social_network
"321",im_mc
"322",social_network
"323",blog
"325",web
"326",mobile
"327",mobile
"328",mobile
"329",web
"330",aaa
"331",mm_streaming
"332",mobile
"333",web
"334",web
"335",forum
"336",basic
"337",mm_streaming
"338",web
"339",gaming
"340",gaming
"342",gaming
"343",im_mc
"346",anonymizer
"347",anonymizer
"348",vpn_tun
"349",vpn_tun
"350",anonymizer
"351",anonymizer
"352",vpn_tun
"353",vpn_tun
"354",web
"357",social_network
"358",web
"359",web
"360",social_network
"361",web
"362",web
"363",web
"364",web
"365",chat
"366",web
"367",social_network
"368",social_network
"369",social_network
"370",blog
"371",social_network
"372",web
"373",web
"374",social_network
"376",social_network
"377",gaming
"378",social_network
"379",social_network
"380",social_network
"381",social_network
"382",web
"384",social_network
"385",web
"386",social_network
"387",web
"388",social_network
"389",social_network
"390",social_network
"391",social_network
"392",web
"393",social_network
"394",social_network
"395",social_network
"396",social_network
"397",social_network
"398",social_network
"399",social_network
"400",web
"401",web
"402",web
"403",web
"404",social_network
"405",social_network
"406",web
"407",social_network
"408",social_network
"409",web
"410",social_network
"411",adult_content
"412",voip
"413",web
"414",social_network
"417",social_network
"418",gaming
"419",web
"420",gaming
"421",gaming
"422",web
"423",web
"424",social_network
"425",web
"426",web
"427",web
"428",web
"429",web
"430",web
"431",web
"433",web
"434",mm_streaming
"435",web
"436",web
"437",web
"438",web
"439",web
"440",web
"441",web
"442",social_network
"443",web
"444",web
"446",web
"447",mm_streaming
"448",web
"449",web
"450",web
"451",web
"452",web
"453",web
"454",web
"455",social_network
"456",web
"457",web
"458",web
"459",web
"460",web
"461",web
"462",forum
"463",web
"464",mm_streaming
"465",web
"466",social_network
"467",web
"468",web
"469",web
"470",web
"471",web
"472",web
"474",social_network
"475",web
"476",web
"477",web
"478",social_network
"479",web
"480",web
"481",web
"482",web
"483",social_network
"484",web
"485",web
"486",web
"487",web
"488",web
"489",web
"490",web
"491",web
"492",web
"493",social_network
"494",web
"495",web
"496",web
"497",web
"498",web
"499",web
"500",web
"501",web
"502",social_network
"503",mobile
"504",forum
"505",web
"506",web
"507",web
"508",web
"509",web
"510",web
"511",web
"512",web
"513",web
"514",web
"515",web
"516",web
"517",web
"518",web
"519",enterprise
"520",web
"521",web
"522",web
"523",web
"524",social_network
"527",web
"528",web
"529",web
"530",mm_streaming
"532",mm_streaming
"533",mm_streaming
"534",mm_streaming
"535",im_mc
"536",im_mc
"540",basic
"544",mm_streaming
"545",enterprise
"547",web
"548",mobile
"549",update
"550",update
"553",im_mc
"554",OTHER
"555",OTHER
"556",update
"557",im_mc
"558",mm_streaming
"561",update
"562",update
"563",update
"564",web
"566",file_mngt
"567",update
"568",update
"569",update
"570",update
"571",update
"572",mm_streaming
"573",mm_streaming
"574",update
"575",mm_streaming
"576",mobile
"577",mm_streaming
"578",update
"579",mm_streaming
"583",update
"584",file_mngt
"585",mm_streaming
"586",file_mngt
"587",file_mngt
"589",update
"590",gaming
"591",gaming
"592",OTHER
"593",update
"594",web
"595",update
"596",update
"597",file_transfer
"598",web
"600",gaming
"601",gaming
"603",update
"604",update
"605",analytics
"606",basic
"607",basic
"608",basic
"609",basic
"610",basic
"611",basic
"612",basic
"613",basic
"614",basic
"615",basic
"616",basic
"617",basic
"618",basic
"619",basic
"620",basic
"621",basic
"622",basic
"623",basic
"624",basic
"625",basic
"626",basic
"627",basic
"629",basic
"630",basic
"631",basic
"632",basic
"633",basic
"634",basic
"635",basic
"636",basic
"637",basic
"638",basic
"639",basic
"640",basic
"641",basic
"642",basic
"643",basic
"644",basic
"645",basic
"646",basic
"647",basic
"648",basic
"649",basic
"650",basic
"651",basic
"652",basic
"653",basic
"654",basic
"655",basic
"656",basic
"657",basic
"658",basic
"659",basic
"660",basic
"661",basic
"662",basic
"663",basic
"664",basic
"665",basic
"666",basic
"667",basic
"668",basic
"669",basic
"671",basic
"672",basic
"673",basic
"674",basic
"675",basic
"676",basic
"677",basic
"678",basic
"679",basic
"680",basic
"681",basic
"682",basic
"683",basic
"684",basic
"685",basic
"686",basic
"687",basic
"688",basic
"689",basic
"690",basic
"691",basic
"692",basic
"694",basic
"695",basic
"696",basic
"697",basic
"698",basic
"699",basic
"700",basic
"701",basic
"702",basic
"703",basic
"704",basic
"705",basic
"706",basic
"707",basic
"708",basic
"709",basic
"710",basic
"711",update
"712",update
"713",file_mngt
"714",update
"715",basic
"716",basic
"717",basic
"718",basic
"719",basic
"720",basic
"721",basic
"722",basic
"723",basic
"724",basic
"725",basic
"726",basic
"727",basic
"728",basic
"729",basic
"730",basic
"731",basic
"732",basic
"733",basic
"734",mm_streaming
"736",update
"737",mm_streaming
"738",OTHER
"739",file_mngt
"740",file_transfer
"742",enterprise
"743",mm_streaming
"744",analytics
"745",web
"746",web
"748",cdn
"749",mm_streaming
"750",basic
"753",file_transfer
"754",enterprise
"755",file_mngt
"756",enterprise
"757",enterprise
"758",web
"759",enterprise
"760",web
"761",im_mc
"762",gaming
"763",mm_streaming
"764",adult_content
"765",web
"766",web
"767",file_mngt
"769",web
"770",web
"771",web
"772",file_mngt
"773",web
"774",cdn
"775",file_mngt
"776",file_mngt
"777",mm_streaming
"778",web
"779",file_mngt
"780",web
"781",web
"782",web
"783",web
"784",web
"785",web
"786",file_mngt
"787",file_mngt
"788",file_mngt
"789",file_mngt
"790",file_mngt
"791",web
"792",web
"793",anonymizer
"794",web
"795",web
"796",mm_streaming
"797",im_mc
"798",file_mngt
"799",web
"800",web
"801",web
"802",web
"803",gaming
"804",im_mc
"805",im_mc
"806",file_mngt
"807",mm_streaming
"808",im_mc
"809",gaming
"810",web
"811",web
"813",web
"814",mm_streaming
"815",im_mc
"816",web
"817",im_mc
"819",file_mngt
"820",web
"821",file_mngt
"822",web
"823",web
"824",file_mngt
"825",im_mc
"826",forum
"827",web
"828",mm_streaming
"829",mm_streaming
"830",mm_streaming
"831",web
"832",mm_streaming
"833",web
"834",web
"835",mm_streaming
"836",mm_streaming
"837",gaming
"838",web
"839",im_mc
"840",web
"841",anonymizer
"842",file_mngt
"843",im_mc
"844",enterprise
"845",web
"846",web
"847",enterprise
"848",web
"849",mm_streaming
"850",web
"851",web
"852",p2p
"853",web
"854",web
"855",mm_streaming
"856",web
"857",web
"858",web
"859",remote_access
"860",web
"861",web
"862",web
"863",mm_streaming
"864",web
"865",web
"866",mm_streaming
"867",mm_streaming
"868",web
"869",web
"870",web
"871",web
"872",mm_streaming
"873",web
"874",im_mc
"875",mm_streaming
"876",file_mngt
"877",web
"878",file_mngt
"879",web
"880",web
"881",web
"882",db
"883",im_mc
"884",web
"885",web
"887",file_mngt
"888",im_mc
"889",im_mc
"890",im_mc
"892",mm_streaming
"893",web
"894",enterprise
"895",OTHER
"896",enterprise
"897",enterprise
"898",enterprise
"899",gaming
"901",db
"902",enterprise
"903",file_mngt
"906",file_mngt
"911",enterprise
"913",enterprise
"914",enterprise
"918",enterprise
"919",im_mc
"922",standardized
"925",enterprise
"927",basic
"929",enterprise
"932",im_mc
"933",enterprise
"934",networking
"935",OTHER
"942",mm_streaming
"943",web
"944",enterprise
"945",web
"946",mobile
"947",OTHER
"948",web
"949",web
"950",web
"951",web
"952",web
"953",web
"954",web
"955",web
"956",web
"957",web
"958",web
"960",web
"961",adult_content
"962",adult_content
"963",gaming
"964",gaming
"965",web
"966",web
"967",web
"968",web
"969",web
"970",web
"971",gaming
"972",web
"973",web
"974",blog
"975",blog
"976",web
"977",web
"979",mm_streaming
"980",web
"981",web
"982",gaming
"983",web
"984",web
"985",web
"986",web
"987",mm_streaming
"988",mm_streaming
"989",mm_streaming
"990",web
"991",web
"992",gaming
"993",web
"995",web
"996",mm_streaming
"997",web
"998",mm_streaming
"999",mm_streaming
"1000",mm_streaming
"1001",web
"1002",mm_streaming
"1003",mm_streaming
"1004",web
"1005",web
"1006",web
"1008",gaming
"1009",web
"1010",mm_streaming
"1011",web
"1013",classified_ads
"1014",mm_streaming
"1015",web
"1016",web
"1017",web
"1018",web
"1019",web
"1020",web
"1021",web
"1022",file_mngt
"1023",web
"1024",mm_streaming
"1025",web
"1026",web
"1027",web
"1028",web
"1029",web
"1030",mm_streaming
"1031",web
"1033",web
"1034",mm_streaming
"1035",web
"1036",web
"1037",web
"1039",web
"1040",web
"1041",mm_streaming
"1042",web
"1043",adult_content
"1044",web
"1045",web
"1046",web
"1047",web
"1048",web
"1049",web
"1050",web
"1051",social_network
"1052",web
"1053",web
"1054",web
"1055",web
"1056",web
"1057",web
"1058",p2p
"1059",p2p
"1060",mm_streaming
"1061",adult_content
"1062",mm_streaming
"1063",web
"1064",file_mngt
"1065",web
"1066",mm_streaming
"1067",mm_streaming
"1068",web
"1069",mm_streaming
"1070",web
"1071",web
"1072",web
"1073",web
"1074",web
"1075",adult_content
"1076",web
"1077",adult_content
"1078",adult_content
"1079",web
"1080",web
"1081",adult_content
"1083",enterprise
"1086",enterprise
"1087",anonymizer
"1088",blog
"1089",file_mngt
"1090",mm_streaming
"1092",anonymizer
"1093",file_transfer
"1094",mm_streaming
"1096",enterprise
"1097",blog
"1098",web
"1099",web
"1100",enterprise
"1101",enterprise
"1102",blog
"1103",anonymizer
"1104",web
"1105",web
"1106",mobile
"1107",basic
"1108",enterprise
"1109",enterprise
"1111",mobile
"1112",gaming
"1114",enterprise
"1116",web
"1117",im_mc
"1118",mobile
"1119",mobile
"1120",audio_chat
"1121",mobile
"1122",mobile
"1123",im_mc
"1124",im_mc
"1125",social_network
"1126",file_mngt
"1127",forum
"1128",web
"1129",web
"1130",web
"1131",web
"1132",web
"1133",web
"1134",web
"1135",web
"1136",web
"1137",web
"1138",web
"1139",web
"1140",web
"1141",web
"1142",web
"1143",mobile
"1144",web
"1145",web
"1146",web
"1147",web
"1148",web
"1149",web
"1150",gaming
"1151",web
"1152",web
"1153",web
"1154",web
"1155",web
"1156",web
"1157",web
"1158",web
"1159",file_mngt
"1160",web
"1161",web
"1162",web
"1163",blog
"1164",web
"1166",web
"1167",mm_streaming
"1168",mm_streaming
"1169",mm_streaming
"1170",mm_streaming
"1171",analytics
"1172",mm_streaming
"1173",mm_streaming
"1174",mm_streaming
"1175",mobile
"1176",mm_streaming
"1177",mm_streaming
"1178",mobile
"1179",mm_streaming
"1180",mm_streaming
"1181",mm_streaming
"1182",mm_streaming
"1183",cdn
"1184",file_mngt
"1186",im_mc
"1187",OTHER
"1188",OTHER
"1189",mm_streaming
"1190",mm_streaming
"1191",web
"1192",mm_streaming
"1193",web
"1194",web
"1195",mm_streaming
"1196",web
"1197",web
"1198",web
"1199",web
"1200",mm_streaming
"1201",web
"1202",web
"1203",web
"1204",web
"1205",mm_streaming
"1206",web
"1207",mm_streaming
"1208",web
"1209",mm_streaming
"1210",web
"1211",web
"1212",web
"1213",web
"1214",web
"1215",web
"1216",gaming
"1217",web
"1218",gaming
"1219",web
"1220",web
"1221",web
"1222",mm_streaming
"1223",web
"1224",mm_streaming
"1225",mm_streaming
"1226",web
"1227",web
"1228",web
"1229",web
"1230",mm_streaming
"1231",mm_streaming
"1232",web
"1233",mm_streaming
"1234",mm_streaming
"1235",web
"1236",gaming
"1237",web
"1238",networking
"1239",file_mngt
"1240",mm_streaming
"1241",web
"1242",web
"1243",blog
"1244",web
"1245",web
"1246",web
"1247",web
"1248",web
"1249",web
"1250",web
"1251",web
"1252",web
"1253",web
"1254",web
"1255",web
"1256",web
"1257",web
"1258",web
"1259",web
"1260",web
"1261",mm_streaming
"1262",web
"1263",web
"1264",web
"1265",web
"1266",web
"1267",web
"1268",web
"1269",web
"1270",web
"1271",web
"1272",web
"1273",web
"1274",web
"1275",web
"1276",web
"1277",web
"1278",web
"1279",file_mngt
"1280",gaming
"1281",im_mc
"1282",gaming
"1283",gaming
"1284",cdn
"1285",gaming
"1286",cdn
"1287",cdn
"1288",cdn
"1290",basic
"1294",web
"1295",im_mc
"1296",im_mc
"1297",im_mc
"1298",im_mc
"1299",file_mngt
"1300",im_mc
"1302",basic
"1303",basic
"1304",basic
"1305",basic
"1308",blog
"1309",web
"1310",web
"1311",web
"1312",web
"1313",web
"1314",adult_content
"1315",blog
"1316",adult_content
"1317",web
"1318",web
"1319",web
"1320",blog
"1321",web
"1322",web
"1323",web
"1324",web
"1325",web
"1326",web
"1327",web
"1328",blog
"1329",web
"1330",blog
"1331",web
"1332",blog
"1333",web
"1334",web
"1335",mobile
"1336",web
"1337",web
"1338",web
"1339",web
"1340",web
"1341",web
"1342",web
"1343",web
"1344",web
"1345",forum
"1346",mobile
"1347",news_portal
"1348",mobile
"1349",web
"1350",forum
"1351",web
"1352",mm_streaming
"1353",web
"1354",web
"1355",web
"1356",web
"1357",news_portal
"1358",news_portal
"1359",forum
"1360",web
"1361",web
"1362",web
"1363",web
"1364",web
"1365",web
"1366",forum
"1367",web
"1368",web
"1369",forum
"1370",web
"1371",web
"1372",forum
"1373",news_portal
"1374",web
"1375",forum
"1376",web
"1377",mobile
"1378",web
"1379",news_portal
"1380",forum
"1381",web
"1382",social_network
"1383",mobile
"1384",news_portal
"1385",web
"1386",web
"1387",web
"1388",web
"1389",web
"1390",web
"1391",forum
"1392",web
"1393",web
"1394",web
"1395",social_network
"1396",web
"1397",web
"1398",web
"1399",web
"1400",forum
"1401",news_portal
"1402",web
"1403",web
"1404",web
"1405",web
"1406",blog
"1407",blog
"1408",news_portal
"1409",forum
"1410",web
"1411",web
"1412",news_portal
"1413",web
"1414",web
"1415",web
"1416",blog
"1417",news_portal
"1418",news_portal
"1419",mobile
"1420",blog
"1421",web
"1422",web
"1423",web
"1424",web
"1425",web
"1426",web
"1427",web
"1428",mobile
"1429",blog
"1430",web
"1431",blog
"1432",web
"1433",web
"1434",web
"1435",web
"1436",web
"1439",web
"1440",adult_content
"1441",audio_chat
"1443",web
"1445",cdn
"1447",web
"1448",enterprise
"1449",web
"1450",file_mngt
"1451",web
"1452",social_network
"1453",enterprise
"1454",enterprise
"1455",im_mc
"1456",web
"1457",web
"1458",web
"1459",web
"1460",web
"1462",mm_streaming
"1463",mm_streaming
"1464",mm_streaming
"1465",mobile
"1466",mobile
"1467",web
"1468",web
"1470",web
"1471",file_mngt
"1472",video_chat
"1473",enterprise
"1474",enterprise
"1475",mm_streaming
"1476",web
"1477",file_mngt
"1478",web
"1479",social_network
"1480",web
"1481",mobile
"1482",web
"1483",file_mngt
"1484",p2p
"1485",file_mngt
"1486",file_mngt
"1487",adult_content
"1488",im_mc
"1489",web
"1490",web
"1491",web
"1492",web
"1493",web
"1494",web
"1495",web
"1496",chat
"1498",web
"1499",email
"1500",mobile
"1501",file_mngt
"1502",mm_streaming
"1503",mm_streaming
"1505",web
"1506",web
"1507",web
"1508",forum
"1509",web
"1510",web
"1511",web
"1512",web
"1514",p2p
"1515",mm_streaming
"1516",web
"1517",web
"1518",p2p
"1519",p2p
"1520",web
"1521",web
"1522",web
"1523",web
"1524",web
"1525",web
"1526",p2p
"1527",p2p
"1528",p2p
"1529",web
"1530",web
"1531",web
"1532",web
"1533",web
"1534",p2p
"1535",web
"1536",web
"1537",web
"1538",web
"1539",web
"1540",web
"1542",web
"1543",web
"1544",web
"1545",web
"1546",web
"1547",mm_streaming
"1548",p2p
"1549",web
"1550",file_mngt
"1551",web
"1552",web
"1553",file_mngt
"1554",chat
"1555",p2p
"1556",web
"1557",audio_chat
"1560",mobile
"1562",mm_streaming
"1563",mobile
"1564",enterprise
"1565",mm_streaming
"1566",gaming
"1567",audio_chat
"1568",im_mc
"1569",im_mc
"1570",gaming
"1571",im_mc
"1572",gaming
"1573",file_mngt
"1574",gaming
"1575",web
"1576",basic
"1577",basic
"1578",basic
"1579",basic
"1580",basic
"1581",basic
"1582",basic
"1583",basic
"1584",basic
"1585",basic
"1586",basic
"1587",basic
"1588",basic
"1589",basic
"1590",basic
"1591",basic
"1592",basic
"1593",basic
"1594",basic
"1595",basic
"1596",basic
"1597",basic
"1598",basic
"1599",basic
"1600",basic
"1601",basic
"1602",basic
"1603",basic
"1604",basic
"1605",basic
"1606",basic
"1607",basic
"1608",basic
"1609",basic
"1610",basic
"1611",basic
"1612",basic
"1613",basic
"1614",basic
"1615",basic
"1616",basic
"1617",basic
"1618",basic
"1619",basic
"1620",basic
"1621",basic
"1622",basic
"1623",basic
"1624",basic
"1625",basic
"1626",basic
"1627",basic
"1628",basic
"1629",basic
"1630",basic
"1631",basic
"1632",basic
"1633",basic
"1634",basic
"1635",basic
"1636",basic
"1637",basic
"1638",basic
"1639",basic
"1640",basic
"1641",basic
"1642",basic
"1643",basic
"1644",basic
"1645",basic
"1646",basic
"1647",basic
"1648",basic
"1649",basic
"1650",basic
"1651",basic
"1652",basic
"1653",basic
"1654",basic
"1655",basic
"1656",basic
"1657",basic
"1658",basic
"1659",basic
"1660",basic
"1661",basic
"1662",basic
"1663",basic
"1664",basic
"1665",basic
"1666",basic
"1667",basic
"1668",basic
"1669",basic
"1670",basic
"1671",basic
"1672",basic
"1673",basic
"1674",basic
"1675",basic
"1676",basic
"1677",basic
"1678",basic
"1679",basic
"1680",basic
"1681",basic
"1682",basic
"1683",basic
"1684",basic
"1685",basic
"1686",basic
"1687",basic
"1688",mm_streaming
"1689",enterprise
"1690",p2p
"1691",p2p
"1692",p2p
"1693",p2p
"1694",p2p
"1695",OTHER
"1696",file_mngt
"1697",audio_chat
"1698",p2p
"1699",p2p
"1700",p2p
"1701",p2p
"1702",p2p
"1703",p2p
"1704",p2p
"1705",p2p
"1706",p2p
"1707",p2p
"1708",p2p
"1709",p2p
"1710",p2p
"1711",p2p
"1712",p2p
"1713",p2p
"1714",p2p
"1715",p2p
"1716",p2p
"1717",p2p
"1718",p2p
"1719",p2p
"1720",p2p
"1721",p2p
"1722",p2p
"1723",p2p
"1724",p2p
"1725",p2p
"1726",p2p
"1727",p2p
"1728",p2p
"1729",p2p
"1730",p2p
"1731",p2p
"1732",adult_content
"1733",p2p
"1734",p2p
"1735",p2p
"1736",p2p
"1737",p2p
"1738",p2p
"1739",p2p
"1740",p2p
"1741",p2p
"1742",p2p
"1743",p2p
"1744",web
"1745",web
"1746",web
"1747",web
"1748",web
"1749",p2p
"1750",web
"1751",web
"1752",mm_streaming
"1753",web
"1754",mm_streaming
"1755",web
"1756",web
"1757",forum
"1758",gaming
"1759",web
"1760",web
"1761",web
"1762",web
"1763",web
"1764",news_portal
"1765",web
"1766",web
"1767",web
"1768",mm_streaming
"1769",news_portal
"1770",web
"1771",advertising
"1772",classified_ads
"1773",web
"1774",web
"1775",web
"1776",web
"1777",web
"1778",news_portal
"1779",web
"1780",web
"1781",web
"1782",web
"1783",web
"1784",news_portal
"1785",web
"1786",classified_ads
"1787",adult_content
"1788",web
"1789",web
"1790",forum
"1791",web
"1792",news_portal
"1793",web
"1794",advertising
"1795",web
"1796",blog
"1797",web
"1798",web
"1799",mm_streaming
"1800",classified_ads
"1801",classified_ads
"1802",web
"1803",news_portal
"1804",news_portal
"1805",web
"1806",news_portal
"1807",web
"1808",web
"1809",web
"1810",web
"1811",web
"1812",web
"1813",web
"1814",web
"1815",web
"1816",web
"1817",web
"1818",news_portal
"1819",news_portal
"1820",news_portal
"1821",news_portal
"1822",news_portal
"1823",news_portal
"1824",news_portal
"1825",news_portal
"1826",web
"1827",news_portal
"1828",news_portal
"1829",news_portal
"1830",web
"1831",news_portal
"1832",news_portal
"1833",news_portal
"1834",news_portal
"1835",news_portal
"1836",web
"1837",web
"1838",web
"1839",news_portal
"1840",news_portal
"1841",news_portal
"1842",news_portal
"1843",classified_ads
"1844",blog
"1845",news_portal
"1846",classified_ads
"1847",classified_ads
"1848",classified_ads
"1849",news_portal
"1850",news_portal
"1851",news_portal
"1852",news_portal
"1853",web
"1854",news_portal
"1855",news_portal
"1856",classified_ads
"1857",news_portal
"1858",web
"1859",web
"1860",web
"1861",news_portal
"1862",news_portal
"1863",news_portal
"1864",news_portal
"1865",web
"1866",web
"1867",news_portal
"1868",news_portal
"1869",social_network
"1870",news_portal
"1871",web
"1872",news_portal
"1873",web
"1874",web
"1875",web
"1876",news_portal
"1877",news_portal
"1878",news_portal
"1879",news_portal
"1880",web
"1881",news_portal
"1882",news_portal
"1883",news_portal
"1884",news_portal
"1885",news_portal
"1886",classified_ads
"1887",news_portal
"1888",web
"1889",classified_ads
"1890",web
"1891",news_portal
"1892",news_portal
"1893",web
"1894",web
"1895",web
"1896",news_portal
"1897",web
"1898",blog
"1899",web
"1900",news_portal
"1901",web
"1902",news_portal
"1903",news_portal
"1904",news_portal
"1905",web
"1907",file_mngt
"1909",enterprise
"1910",file_mngt
"1911",mm_streaming
"1912",mobile
"1913",file_mngt
"1914",enterprise
"1915",enterprise
"1918",web
"1919",web
"1920",advertising
"1921",blog
"1922",web
"1923",web
"1924",classified_ads
"1925",forum
"1926",forum
"1927",classified_ads
"1928",web
"1929",blog
"1930",classified_ads
"1931",web
"1932",web
"1933",classified_ads
"1934",classified_ads
"1935",web
"1936",web
"1937",classified_ads
"1938",web
"1939",web
"1940",classified_ads
"1941",classified_ads
"1942",forum
"1943",classified_ads
"1944",classified_ads
"1945",web
"1947",web
"1948",forum
"1949",web
"1950",web
"1951",web
"1952",web
"1953",classified_ads
"1954",web
"1955",file_mngt
"1957",file_mngt
"1958",file_mngt
"1961",file_mngt
"1963",file_mngt
"1964",file_mngt
"1965",file_mngt
"1967",file_mngt
"1970",file_mngt
"1971",file_mngt
"1972",file_mngt
"1974",file_mngt
"1978",file_mngt
"1987",file_mngt
"1988",file_mngt
"1989",file_mngt
"1991",file_mngt
"1993",file_mngt
"1995",file_mngt
"1997",file_mngt
"1998",file_mngt
"2000",file_mngt
"2001",file_mngt
"2002",OTHER
"2003",mm_streaming
"2004",mm_streaming
"2005",vpn_tun
"2006",update
"2007",anonymizer
"2008",vpn_tun
"2009",vpn_tun
"2010",anonymizer
"2011",chat
"2012",web
"2013",mm_streaming
"2014",basic
"2015",analytics
"2016",cdn
"2017",news_portal
"2018",news_portal
"2019",news_portal
"2020",web
"2021",news_portal
"2022",news_portal
"2023",news_portal
"2024",news_portal
"2025",web
"2026",web
"2027",classified_ads
"2028",news_portal
"2029",news_portal
"2030",news_portal
"2031",news_portal
"2032",news_portal
"2034",news_portal
"2035",web
"2036",news_portal
"2037",news_portal
"2038",news_portal
"2039",classified_ads
"2040",news_portal
"2041",mm_streaming
"2042",news_portal
"2043",web
"2044",news_portal
"2045",news_portal
"2046",web
"2047",news_portal
"2048",news_portal
"2049",news_portal
"2050",news_portal
"2051",news_portal
"2052",news_portal
"2053",news_portal
"2054",news_portal
"2055",news_portal
"2056",news_portal
"2057",web
"2058",news_portal
"2059",news_portal
"2060",news_portal
"2061",classified_ads
"2062",news_portal
"2063",news_portal
"2064",web
"2065",news_portal
"2066",news_portal
"2067",news_portal
"2068",news_portal
"2069",news_portal
"2070",news_portal
"2071",news_portal
"2072",news_portal
"2073",news_portal
"2074",classified_ads
"2075",news_portal
"2076",news_portal
"2077",news_portal
"2078",news_portal
"2079",news_portal
"2080",p2p
"2081",classified_ads
"2082",news_portal
"2083",social_network
"2084",news_portal
"2085",news_portal
"2086",news_portal
"2087",news_portal
"2088",web
"2089",mm_streaming
"2090",p2p
"2091",web
"2092",forum
"2093",news_portal
"2094",web
"2095",news_portal
"2096",news_portal
"2097",news_portal
"2099",news_portal
"2100",news_portal
"2101",news_portal
"2102",news_portal
"2103",news_portal
"2104",news_portal
"2105",news_portal
"2106",news_portal
"2107",news_portal
"2108",news_portal
"2109",web
"2110",news_portal
"2111",classified_ads
"2112",news_portal
"2113",mm_streaming
"2114",news_portal
"2115",news_portal
"2116",news_portal
"2117",news_portal
"2118",news_portal
"2119",news_portal
"2120",news_portal
"2121",web
"2122",news_portal
"2123",news_portal
"2124",classified_ads
"2125",news_portal
"2126",news_portal
"2128",web
"2129",news_portal
"2130",news_portal
"2131",web
"2132",news_portal
"2133",news_portal
"2134",news_portal
"2135",web
"2136",web
"2137",news_portal
"2138",news_portal
"2139",news_portal
"2140",news_portal
"2141",web
"2142",news_portal
"2143",news_portal
"2144",news_portal
"2145",news_portal
"2146",news_portal
"2147",classified_ads
"2148",file_mngt
"2150",web
"2151",remote_access
"2152",file_mngt
"2154",mm_streaming
"2156",gaming
"2158",web
"2160",mm_streaming
"2161",web
"2162",web
"2163",news_portal
"2164",blog
"2165",news_portal
"2166",web
"2167",news_portal
"2168",web
"2169",mm_streaming
"2170",mm_streaming
"2171",news_portal
"2172",news_portal
"2173",news_portal
"2174",web
"2175",web
"2176",gaming
"2177",gaming
"2178",gaming
"2179",gaming
"2180",gaming
"2181",news_portal
"2182",news_portal
"2183",news_portal
"2184",news_portal
"2185",web
"2186",news_portal
"2187",web
"2188",web
"2189",mm_streaming
"2190",gaming
"2191",classified_ads
"2192",news_portal
"2193",mm_streaming
"2194",news_portal
"2195",mm_streaming
"2196",mm_streaming
"2197",mm_streaming
"2198",web
"2199",mm_streaming
"2200",news_portal
"2201",news_portal
"2202",news_portal
"2203",news_portal
"2204",news_portal
"2205",news_portal
"2206",web
"2207",advertising
"2208",news_portal
"2209",web
"2210",chat
"2211",gaming
"2212",gaming
"2213",gaming
"2214",gaming
"2215",forum
"2216",gaming
"2217",gaming
"2218",gaming
"2219",news_portal
"2220",classified_ads
"2221",news_portal
"2222",web
"2223",news_portal
"2224",web
"2225",web
"2226",mm_streaming
"2227",web
"2228",news_portal
"2229",mobile
"2230",gaming
"2231",advertising
"2232",advertising
"2233",file_mngt
"2234",file_mngt
"2235",web
"2236",analytics
"2237",web
"2238",analytics
"2239",analytics
"2240",im_mc
"2241",gaming
"2242",gaming
"2243",mobile
"2244",gaming
"2245",mobile
"2246",mobile
"2247",blog
"2248",web
"2249",enterprise
"2250",enterprise
"2251",web
"2252",gaming
"2253",gaming
"2254",gaming
"2255",gaming
"2256",gaming
"2257",mm_streaming
"2258",mobile
"2259",gaming
"2260",gaming
"2261",gaming
"2262",web
"2263",classified_ads
"2264",news_portal
"2265",news_portal
"2266",classified_ads
"2267",news_portal
"2268",forum
"2269",news_portal
"2270",news_portal
"2271",news_portal
"2272",news_portal
"2273",mm_streaming
"2274",news_portal
"2275",news_portal
"2276",web
"2277",advertising
"2278",web
"2279",advertising
"2280",web
"2281",web
"2282",web
"2283",enterprise
"2284",mobile
"2285",web
"2286",web
"2287",web
"2288",web
"2289",gaming
"2290",gaming
"2291",voip
"2292",mm_streaming
"2293",OTHER
"2295",mm_streaming
"2296",web
"2297",web
"2298",web
"2299",mobile
"2300",mobile
"2301",mobile
"2302",web
"2303",web
"2304",web
"2305",web
"2306",web
"2307",web
"2308",im_mc
"2309",web
"2310",web
"2311",blog
"2312",blog
"2313",enterprise
"2314",file_mngt
"2315",enterprise
"2316",enterprise
"2317",enterprise
"2318",webmail
"2319",mobile
"2320",advertising
"2321",advertising
"2322",mobile
"2323",web
"2324",mm_streaming
"2325",vpn_tun
"2326",mobile
"2327",OTHER
"2328",im_mc
"2329",web
"2330",web
"2331",file_transfer
"2333",advertising
"2334",mobile
"2335",advertising
"2336",mobile
"2337",audio_chat
"2338",web
"2339",chat
"2340",mobile
"2341",web
"2342",advertising
"2343",mm_streaming
"2344",mobile
"2345",im_mc
"2346",basic
"2347",mm_streaming
"2348",advertising
"2349",mm_streaming
"2350",mm_streaming
"2351",audio_chat
"2352",blog
"2353",web
"2354",adult_content
"2355",news_portal
"2356",classified_ads
"2357",mm_streaming
"2358",news_portal
"2359",forum
"2360",web
"2361",news_portal
"2362",web
"2363",news_portal
"2364",enterprise
"2365",news_portal
"2366",web
"2367",web
"2368",mm_streaming
"2370",mm_streaming
"2372",OTHER
"2373",mm_streaming
"2374",vpn_tun
"2375",vpn_tun
"2376",gaming
"2377",web
"2378",mm_streaming
"2379",web
"2380",web
"2381",web
"2382",web
"2383",web
"2384",mm_streaming
"2385",web
"2386",web
"2387",mm_streaming
"2388",web
"2389",web
"2390",web
"2391",mm_streaming
"2392",web
"2393",web
"2394",web
"2395",web
"2396",mm_streaming
"2397",web
"2398",file_transfer
"2399",adult_content
"2400",web
"2401",mm_streaming
"2402",enterprise
"2403",remote_access
"2404",enterprise
"2405",file_transfer
"2406",enterprise
"2407",networking
"2408",file_mngt
"2409",OTHER
"2410",mobile
"2411",mobile
"2412",mm_streaming
"2413",audio_chat
"2414",standardized
"2415",news_portal
"2416",advertising
"2417",news_portal
"2418",mm_streaming
"2419",news_portal
"2420",news_portal
"2421",web
"2422",classified_ads
"2423",classified_ads
"2424",gaming
"2425",news_portal
"2426",news_portal
"2427",mm_streaming
"2428",news_portal
"2429",web
"2430",classified_ads
"2431",news_portal
"2432",classified_ads
"2433",classified_ads
"2434",forum
"2435",classified_ads
"2436",forum
"2437",anonymizer
"2438",enterprise
"2439",enterprise
"2440",im_mc
"2441",im_mc
"2442",remote_access
"2443",basic
"2444",mm_streaming
"2445",advertising
"2446",advertising
"2447",advertising
"2448",adult_content
"2449",analytics
"2450",file_mngt
"2451",social_network
"2452",file_mngt
"2453",file_mngt
"2454",gaming
"2455",chat
"2456",im_mc
"2457",web
"2458",news_portal
"2459",gaming
"2460",news_portal
"2461",advertising
"2462",news_portal
"2463",news_portal
"2464",web
"2465",news_portal
"2467",news_portal
"2468",news_portal
"2469",mm_streaming
"2470",news_portal
"2471",web
"2472",web
"2473",news_portal
"2474",news_portal
"2475",advertising
"2476",news_portal
"2477",news_portal
"2478",web
"2479",news_portal
"2480",adult_content
"2481",enterprise
"2482",mobile
"2483",file_mngt
"2484",mobile
"2485",news_portal
"2486",news_portal
"2487",news_portal
"2488",news_portal
"2489",classified_ads
"2490",news_portal
"2491",web
"2492",news_portal
"2493",web
"2494",web
"2495",mm_streaming
"2496",news_portal
"2497",mm_streaming
"2498",mm_streaming
"2499",news_portal
"2500",gaming
"2501",web
"2502",mobile
"2503",mm_streaming
"2504",news_portal
"2505",news_portal
"2506",news_portal
"2507",news_portal
"2509",mm_streaming
"2510",news_portal
"2511",web
"2512",news_portal
"2513",news_portal
"2514",news_portal
"2515",classified_ads
"2516",forum
"2517",news_portal
"2518",mobile
"2519",social_network
"2520",web
"2522",anonymizer
"2523",advertising
"2524",advertising
"2525",advertising
"2526",analytics
"2527",advertising
"2528",advertising
"2529",advertising
"2530",advertising
"2531",advertising
"2532",analytics
"2534",mobile
"2535",advertising
"2536",analytics
"2537",mm_streaming
"2538",web
"2539",classified_ads
"2540",web
"2541",web
"2542",web
"2543",mm_streaming
"2544",mm_streaming
"2545",web
"2547",mm_streaming
"2548",mm_streaming
"2549",web
"2550",mm_streaming
"2551",mm_streaming
"2552",mm_streaming
"2553",basic
"2555",networking
"2556",web
"2557",web
"2558",web
"2559",web
"2560",mm_streaming
"2561",web
"2562",news_portal
"2563",news_portal
"2564",news_portal
"2565",adult_content
"2566",p2p
"2567",news_portal
"2568",web
"2569",news_portal
"2570",news_portal
"2571",classified_ads
"2572",news_portal
"2573",web
"2574",news_portal
"2575",news_portal
"2576",news_portal
"2577",news_portal
"2578",news_portal
"2579",web
"2580",web
"2581",news_portal
"2582",news_portal
"2583",web
"2584",web
"2585",web
"2586",cdn
"2587",advertising
"2588",social_network
"2589",web
"2590",web
"2591",web
"2592",mm_streaming
"2593",gaming
"2594",mm_streaming
"2596",web
"2597",advertising
"2598",advertising
"2599",advertising
"2600",mobile
"2601",web
"2602",web
"2603",web
"2604",analytics
"2605",news_portal
"2606",classified_ads
"2607",web
"2608",web
"2609",news_portal
"2610",news_portal
"2611",web
"2612",classified_ads
"2613",web
"2614",news_portal
"2615",web
"2616",web
"2617",web
"2618",web
"2619",news_portal
"2620",web
"2621",news_portal
"2622",news_portal
"2623",web
"2624",web
"2625",mm_streaming
"2626",web
"2627",analytics
"2628",advertising
"2629",basic
"2630",web
"2631",cdn
"2632",news_portal
"2633",news_portal
"2634",news_portal
"2635",classified_ads
"2636",news_portal
"2637",news_portal
"2638",news_portal
"2639",web
"2640",news_portal
"2641",web
"2642",cdn
"2645",OTHER
"2646",cdn
"2647",mm_streaming
"2648",anonymizer
"2649",gaming
"2650",web
"2651",file_mngt
"2652",advertising
"2653",file_mngt
"2654",cdn
"2655",update
"2656",remote_access
"2657",remote_access
"2658",adult_content
"2659",adult_content
"2660",cdn
"2661",advertising
"2664",mm_streaming
"2665",mm_streaming
"2666",web
"2667",web
"2668",web
"2669",mm_streaming
"2670",news_portal
"2671",mm_streaming
"2672",mm_streaming
"2673",web
"2674",web
"2675",mm_streaming
"2676",web
"2677",mm_streaming
"2678",web
"2680",mm_streaming
"2681",mm_streaming
"2682",web
"2683",mm_streaming
"2684",web
"2685",im_mc
"2686",web
"2687",analytics
"2688",advertising
"2689",cdn
"2690",mobile
"2691",mobile
"2692",web
"2693",web
"2694",web
"2695",enterprise
"2696",enterprise
"2697",analytics
"2698",anonymizer
"2699",vpn_tun
"2700",mm_streaming
"2701",analytics
"2702",cdn
"2703",mobile
"2704",analytics
"2705",web
"2707",advertising
"2708",analytics
"2709",cdn
"2710",mm_streaming
"2711",enterprise
"2712",enterprise
"2713",enterprise
"2714",remote_access
"2715",analytics
"2716",web
"2717",chat
"2718",analytics
"2719",analytics
"2720",file_mngt
"2721",analytics
"2722",analytics
"2723",web
"2724",chat
"2725",web
"2726",news_portal
"2727",news_portal
"2728",news_portal
"2729",news_portal
"2730",web
"2731",advertising
"2732",news_portal
"2733",classified_ads
"2734",web
"2735",news_portal
"2736",news_portal
"2737",web
"2738",news_portal
"2739",news_portal
"2740",web
"2741",web
"2742",mm_streaming
"2743",news_portal
"2744",mm_streaming
"2745",web
"2746",web
"2747",web
"2748",web
"2749",cdn
"2750",web
"2751",analytics
"2752",web
"2753",web
"2754",web
"2755",web
"2756",gaming
"2757",advertising
"2758",mm_streaming
"2759",adult_content
"2760",adult_content
"2761",adult_content
"2762",advertising
"2763",advertising
"2764",advertising
"2765",web
"2766",mm_streaming
"2767",cdn
"2768",web
"2769",advertising
"2770",news_portal
"2771",classified_ads
"2772",mm_streaming
"2773",news_portal
"2774",file_transfer
"2775",news_portal
"2776",web
"2777",news_portal
"2778",classified_ads
"2779",news_portal
"2780",news_portal
"2781",news_portal
"2782",mm_streaming
"2783",analytics
"2784",mm_streaming
"2785",classified_ads
"2786",mm_streaming
"2787",mm_streaming
"2788",web
"2789",advertising
"2790",advertising
"2791",cdn
"2792",web
"2793",anonymizer
"2794",advertising
"2795",mobile
"2796",file_mngt
"2797",news_portal
"2798",file_transfer
"2799",news_portal
"2800",news_portal
"2801",web
"2802",news_portal
"2803",news_portal
"2804",mm_streaming
"2805",news_portal
"2806",web
"2807",mm_streaming
"2808",classified_ads
"2809",mm_streaming
"2810",news_portal
"2811",analytics
"2812",advertising
"2813",news_portal
"2814",web
"2815",advertising
"2816",enterprise
"2817",enterprise
"2818",networking
"2819",web
"2820",web
"2821",web
"2823",analytics
"2824",advertising
"2825",classified_ads
"2826",news_portal
"2827",news_portal
"2828",news_portal
"2829",blog
"2830",news_portal
"2831",web
"2832",mm_streaming
"2833",classified_ads
"2834",news_portal
"2835",news_portal
"2836",news_portal
"2837",news_portal
"2838",news_portal
"2839",web
"2840",news_portal
"2841",news_portal
"2842",news_portal
"2843",blog
"2844",news_portal
"2845",file_mngt
"2846",news_portal
"2847",news_portal
"2848",news_portal
"2849",web
"2850",news_portal
"2851",advertising
"2852",analytics
"2853",anonymizer
"2854",vpn_tun
"2855",p2p
"2856",file_transfer
"2857",cdn
"2860",web
"2861",web
"2862",advertising
"2863",web
"2864",web
"2865",web
"2866",web
"2867",news_portal
"2868",news_portal
"2869",web
"2870",classified_ads
"2871",web
"2872",news_portal
"2873",news_portal
"2874",classified_ads
"2875",news_portal
"2876",web
"2877",adult_content
"2878",mm_streaming
"2879",news_portal
"2880",advertising
"2881",adult_content
"2882",web
"2884",social_network
"2885",web
"2886",mobile
"2887",mm_streaming
"2888",analytics
"2889",enterprise
"2890",mm_streaming
"2891",advertising
"2892",web
"2895",mm_streaming
"2896",cdn
"2897",advertising
"2898",analytics
"2899",advertising
"2901",file_mngt
"2902",mm_streaming
"2903",news_portal
"2904",web
"2905",news_portal
"2906",news_portal
"2907",news_portal
"2908",news_portal
"2909",web
"2910",web
"2911",news_portal
"2912",web
"2913",gaming
"2915",news_portal
"2916",news_portal
"2917",news_portal
"2918",web
"2919",news_portal
"2922",analytics
"2923",web
"2924",advertising
"2925",advertising
"2926",analytics
"2928",audio_chat
"2929",gaming
"2930",cdn
"2931",remote_access
"2932",standardized
"2933",advertising
"2934",enterprise
"2937",audio_chat
"2940",web
"2941",news_portal
"2942",news_portal
"2943",news_portal
"2944",news_portal
"2945",news_portal
"2946",web
"2947",news_portal
"2948",news_portal
"2949",news_portal
"2950",news_portal
"2951",news_portal
"2952",classified_ads
"2953",news_portal
"2954",file_mngt
"2955",file_mngt
"2956",basic
"2957",enterprise
"2958",cdn
"2959",blog
"2960",advertising
"2961",adult_content
"2962",web
"2963",mm_streaming
"2964",mm_streaming
"2965",advertising
"2966",forum
"2967",forum
"2968",cdn
"2969",web
"2971",im_mc
"2972",web
"2973",enterprise
"2974",news_portal
"2975",web
"2976",web
"2977",news_portal
"2978",news_portal
"2979",news_portal
"2980",news_portal
"2981",chat
"2982",news_portal
"2983",classified_ads
"2984",news_portal
"2985",news_portal
"2986",news_portal
"2987",mm_streaming
"2988",news_portal
"2989",forum
"2990",news_portal
"2991",news_portal
"2992",web
"2993",news_portal
"2994",web
"2995",classified_ads
"2996",news_portal
"2997",forum
"2998",web
"2999",classified_ads
"3000",web
"3001",news_portal
"3002",cdn
"3003",web
"3004",web
"3006",web
"3007",web
"3008",cdn
"3009",enterprise
"3010",audio_chat
"3011",web
"3012",web
"3013",web
"3014",web
"3015",web
"3016",classified_ads
"3017",web
"3018",news_portal
"3019",news_portal
"3020",news_portal
"3021",news_portal
"3022",web
"3023",web
"3024",news_portal
"3025",p2p
"3026",web
"3027",web
"3028",gaming
"3029",gaming
"3030",mm_streaming
"3031",mm_streaming
"3032",web
"3033",mobile
"3034",advertising
"3035",web
"3036",web
"3087",iot
"3088",web
"3089",chat
"3090",analytics
"3091",mm_streaming
"3092",mm_streaming
"3093",advertising
"3095",web
"3096",mm_streaming
"3097",analytics
"3098",web
"3099",web
"3100",gaming
"3101",gaming
"3102",gaming
"3103",mm_streaming
"3104",classified_ads
"3105",news_portal
"3106",news_portal
"3107",web
"3108",web
"3109",web
"3111",web
"3112",web
"3113",web
"3114",news_portal
"3115",web
"3117",adult_content
"3118",advertising
"3119",advertising
"3125",advertising
"4001",OTHER
"4002",OTHER
"4003",OTHER
"4004",OTHER
"4005",OTHER
"4006",OTHER
"4007",OTHER
"4008",OTHER
"4009",OTHER
"4010",OTHER
"4011",OTHER
"4012",OTHER
"4013",OTHER
"4014",OTHER
"4015",OTHER
"4016",OTHER
"4017",OTHER
"4018",OTHER
"4019",OTHER
"4020",OTHER
