"8",aim
"9",amqp
"10",apollo
"12",atalk
"13",BGP
"15",bittorrent
"17",ccp
"19",cgmp
"23",cstrike
"25",dailymotion
"26",dcerpc
"28",dec
"29",dhcp
"31",directconnect
"32",dns
"33",dtp
"34",ebay
"35",edonkey
"36",eigrp
"37",epm
"44",etherip
"45",ftp
"51",gmail
"52",gnutella
"53",goboogy
"54",google
"55",google_earth
"56",google_groups
"57",google_maps
"58",gre
"60",H.225
"67",http
"69",ica
"70",icmp
"71",icmp6
"74",igmp
"75",imap
"77",imp
"81",ip
"82",ip6
"84",ipp
"85",ipsec
"88",ipxrip
"90",IRC
"91",ircs
"92",isakmp
"95",jetdirect
"96",kazaa
"98",l2tp
"100",LDAP
"105",loadbalan
"106",loop
"107",Lotus-Notes
"111",mcafee
"113",mgcp
"114",mipv6
"115",mms
"116",mmse
"120",msn
"121",msn_groups
"122",msn_search
"124",mute
"125",myspace
"127",narp
"128",nbns
"130",netflow
"132",nlockmgr
"133",nlsp
"136",nspi
"138",openft
"139",osinl
"140",ospf
"141",owa
"142",paltalk
"145",pim
"147",pop3
"156",qq
"157",quake
"161",rfb
"163",RIP
"166",rlp
"167",rpc
"168",rpl
"169",rquota
"171",rstat
"172",rsvp
"173",rsync
"175",rtp
"176",rtsp
"177",rusers
"179",SKINNY
"180",sctp
"181",shoutcast
"182",sip
"183",skype
"184",slsk
"186",SMTP
"188",sna
"191",soap
"195",squirrelmail
"197",ssdp
"198",ssh
"199",ssl
"202",sync
"205",tcp
"209",Telnet
"211",TFTP
"212",tibcordv
"216",udp
"217",vines
"220",vmware
"221",vrrp
"222",wikipedia
"223",winmx
"227",x11
"229",xmlrpc
"230",xns
"232",xyplex
"233",yahoo_groups
"234",yahoo_search
"236",ymail2
"237",ymsg
"239",ymsg_video
"240",youtube
"241",yppasswd
"243",ypupdate
"244",facebook
"245",aim_transfer
"246",maktoob
"247",google_ads
"250",secondlife
"251",mpegts
"252",paltalk_transfer
"255",ymsg_transfer
"258",msnmobile
"259",ymail_classic
"261",groove
"262",live_hotmail
"263",gmail_basic
"264",snpp
"265",orangemail
"266",2shared
"267",4shared
"268",bebo
"269",ebuddy
"270",laposte_webmail
"271",imesh
"272",ares
"273",gmail_chat
"274",thunder
"275",aim_express
"276",ymsg_webmessenger
"278",pando
"279",zattoo
"280",gmail_mobile
"281",aims
"283",ask
"285",tagged
"286",yahoo_answers
"287",mpquest
"288",expedia
"289",southwest
"290",yahoo_maps
"291",travelocity
"292",yahoo_travel
"293",realtor
"294",99 Taxis
"295",yahoo_biz
"296",officedepot
"297",wordpress
"298",windowslive
"299",yahoo_geocities
"300",flickr
"301",hi5
"302",skyrock
"303",trombi
"304",viadeo
"305",linkedin
"306",apple
"307",pogo
"308",yahoo_games
"309",runescape
"310",deezer
"311",zimbra
"313",rapidshare
"314",megaupload
"315",zshare
"316",fileflyer
"317",sendspace
"318",rambler
"319",perfspot
"320",friendster
"321",tchatche
"322",netlog
"323",skyblog
"325",zimbra_standard
"326",mimp
"327",livemail_mobile
"328",ymail_mobile
"329",dimp
"330",ocsp
"331",pplive
"332",ymail_mobile_new
"333",yahoo_realestate
"334",mailru
"335",live_groups
"336",openvpn
"337",rtmp
"338",gougou
"339",steam
"340",wow
"342",xboxlive
"343",gadugadu
"346",zelune
"347",vtunnel
"348",proxono
"349",proxeasy
"350",megaproxy
"351",kproxy
"352",bypassthat
"353",avoidr
"354",surrogafier
"357",advogato
"358",amie_street
"359",anobii
"360",asmallworld
"361",athlinks
"362",the_auteurs
"363",avatars_united
"364",babycenter
"365",badoo
"366",bigadda
"367",bigtent
"368",biip
"369",blackplanet
"370",blogster
"371",bolt
"372",books_iread
"373",buzznet
"374",cafemom
"376",care2
"377",cellufun
"378",classmates
"379",cloob
"380",college_blender
"381",couch_surfing
"382",daily_booth
"384",decayenne
"385",deviant_art
"386",digitalverse
"387",disaboom
"388",dol2day
"389",dontstayin
"390",draugiem
"391",elftown
"392",epernicus
"393",eons
"394",experience_project
"395",exploroo
"396",faceparty
"397",faces
"398",fetlife
"399",fillos_de_galicia
"400",filmaffinity
"401",fledgewing
"402",flixster
"403",fotolog
"404",foursquare
"405",friends_reunited
"406",fruhstuckstreff
"407",fubar
"408",gaiaonline
"409",gamerdna
"410",gather
"411",gays
"412",geni
"413",gogoyoko
"414",goodreads
"417",grono
"418",habbo
"419",hospitality_club
"420",hyves
"421",ibibo
"422",imeem
"423",indaba_music
"424",irc_galleria
"425",italki
"426",internations
"427",itsmy
"428",iwiw
"429",jaiku
"430",jammerdirect
"431",kaioo
"433",kiwibox
"434",lastfm
"435",librarything
"436",lifeknot
"437",listografy
"438",livejournal
"439",livemocha
"440",lunarstorm
"441",meetin
"442",meetup
"443",meettheboss
"444",mixi
"446",mocospace
"447",mog
"448",mouthshut
"449",multiply
"450",muxlim
"451",myanimelist
"452",mychurch
"453",myheritage
"454",mylife
"455",my_opera
"456",myyearbook
"457",nasza_klasa
"458",nettby
"459",nexopia
"460",ngo_post
"461",ning
"462",odnoklassniki
"463",oneclimate
"464",oneworldtv
"465",open_diary
"466",orkut
"467",outeverywhere
"468",partnerup
"469",passportstamp
"470",pingsta
"471",plaxo
"472",playahead
"474",plurk
"475",present
"476",qapacity
"477",quarterlife
"478",qzone
"479",ravelry
"480",renren
"481",researchgate
"482",reverbnation
"483",ryze
"484",sciencestage
"485",scispace
"486",sharethemusic
"487",shelfari
"488",socialvibe
"489",sonico
"490",stickam
"491",studivz
"492",stumbleupon
"493",talenttrove
"494",talkbiznow
"495",taltopia
"496",taringa
"497",teachstreet
"498",travbuddy
"499",travellerspoint
"500",tribe
"501",tuenti
"502",tumblr
"503",twitter
"504",vkontakte
"505",vampirefreaks
"506",vox
"507",wakoopa
"508",wasabi
"509",wayn
"510",webbiographies
"511",weourfamily
"512",werkenntwen
"513",windowslivespace
"514",wiserearth
"515",xanga
"516",xing
"517",xt3
"518",yahoo360plusvietnam
"519",yammer
"520",yelp
"521",youmeo
"522",zoo
"523",yandex
"524",facebook_mail
"527",rambler_webmail
"528",yandex_webmail
"529",pricerunner
"530",itunes
"532",grooveshark
"533",ppstream
"534",spotify
"535",mxit
"536",fring
"540",xtp
"544",orb
"545",teamviewer
"547",bing
"548",baidu
"549",adobe_update
"550",flashplugin_update
"553",oovoo
"554",manolito
"555",Teredo
"556",firefox_update
"557",icall
"558",youtube_hd
"561",java_update
"562",windows_update
"563",apple_update
"564",archive
"566",applejuice
"567",chrome_update
"568",freebsd_update
"569",netbsd_update
"570",openbsd_update
"571",redhat_update
"572",sopcast
"573",voddler
"574",debian_update
"575",tvuplayer
"576",nokia_ovi
"577",veohtv
"578",opera_update
"579",icecast
"583",mandriva_update
"584",0zz0
"585",qqlive
"586",badongo
"587",mashare
"589",fsecure_update
"590",halflife
"591",wfc
"592",xdmcp
"593",bitdefender_update
"594",google_picasa
"595",nod32_update
"596",norton_update
"597",viber
"598",tango
"600",wiiconnect24
"601",psn
"603",kaspersky_update
"604",avira_update
"605",delicious
"606",3pc
"607",activenet
"608",argus
"609",aris
"610",bbn_rcc_mon
"611",bna
"612",br_sat_mon
"613",cbt
"614",cftp
"615",chaos
"616",compaq_peer
"617",cphb
"618",cpnx
"619",crtp
"620",crudp
"621",dccp
"622",dcn_meas
"623",ddp
"624",ddx
"625",dfs
"626",dgp
"627",emcon
"629",fibre_channel
"630",fire
"631",ggp
"632",gmtp
"633",hmp
"634",host
"635",iatp
"636",ifmp
"637",il
"638",i_nlsp
"639",ipcomp
"640",ipcv
"641",iplt
"642",ippc
"643",ipx_in_ip
"644",irtp
"645",iso_ip
"646",iso_tp4
"647",kryptolan
"648",larp
"649",leaf_1
"650",leaf_2
"651",merit_inp
"652",mfe_nsp
"653",mobile
"654",mobilehdr
"655",mpls_in_ip
"656",mtp
"657",mux
"658",netblt
"659",nsfnet_igp
"660",nvp_ii
"661",pgm
"662",pipe
"663",pnni
"664",private_enc
"665",prm
"666",ptp
"667",pup
"668",pvp
"669",qnx
"671",ip_reserved
"672",rvd
"673",sat_expak
"674",sat_mon
"675",scps
"676",secure_vmtp
"677",skip
"678",sm
"679",simple_msg_p
"680",snp
"681",sprite_rpc
"682",sps
"683",srp
"684",sscopmce
"685",st
"686",sun_nd
"687",tcf
"688",tlsp
"689",trunk_1
"690",trunk_2
"691",ttp
"692",udplite
"694",uti
"695",visa
"696",vmtp
"697",wb_expak
"698",wb_mon
"699",wsn
"700",xnet
"701",xns_idp
"702",dsr
"703",hopopt
"704",idpr
"705",idpr_cmtp
"706",idrp
"707",isis
"708",sdrp
"709",lan
"710",egp
"711",panda_update
"712",trendmicro_update
"713",directdownloadlinks
"714",avg_update
"715",ip_in_ip
"716",igp
"717",ip_rdp
"718",tp_plus_plus
"719",esp
"720",ah
"721",swipe
"722",iptm
"723",ax25
"724",micp
"725",scc_sp
"726",encap
"727",any_0hop
"728",rsvp_e2e_ignore
"729",manet
"730",hip
"731",shim6
"732",wesp
"733",rohc
"734",netflix
"736",bbc_player
"737",silverlight
"738",smpp
"739",hotline
"740",kugou
"742",msrpc
"743",uusee
"744",google_analytics
"745",gstatic
"746",ytimg
"748",garena
"749",qvod
"750",http_tunnel
"753",qq_transfer
"754",zonealarm_update
"755",ibackup
"756",sharepoint
"757",sharepoint_admin
"758",adnstream
"759",adobe_meeting_rc
"760",adrive
"761",airaim
"762",all_slots_casino
"763",babelgum
"764",bigupload
"765",blokus
"766",bonpoo
"767",box_net
"769",brighttalk
"770",campfire
"771",channel4
"772",clip2net
"773",concur
"774",coralcdn_user
"775",depositfiles
"776",diino
"777",divshare
"778",docstoc
"779",dropbox
"780",dynamicintranet
"781",earthcam
"782",eroom_net
"783",esnips
"784",evony
"785",eyejot
"786",file_host
"787",file_dropper
"788",filer_cx
"789",files_to
"790",filestube
"791",flumotion
"792",fluxiom
"793",fly_proxy
"794",fogbugz
"795",fotki
"796",freeetv
"797",friendvox
"798",gigaup
"799",glide
"800",google_cache
"801",google_translate
"802",gyao
"803",hangame
"804",hovrs
"805",icq2go
"806",ifile_it
"807",iheartradio
"808",iloveim
"809",imvu
"810",jango
"811",jira
"813",jubii
"814",justin_tv
"815",kaixin_chat
"816",kino
"817",koolim
"819",leapfile
"820",libero_video
"821",live_mesh
"822",mediafire
"823",meevee
"824",megavideo
"825",messengerfx
"826",mibbit
"827",mobile_me
"828",mogulus
"829",myspace_video
"830",napster
"831",netload
"832",niconico_douga
"833",octopz
"834",ooyala
"835",pandora
"836",pandora_tv
"837",party_poker
"838",photobucket
"839",phweet
"840",privax
"841",psiphon
"842",qqmusic
"843",radiusim
"844",salesforce
"845",seeqpod
"846",seesmic
"847",showmypc
"848",shutterfly
"849",sky_player
"850",skydrive
"851",socialtv
"852",soribada
"853",stagevu
"854",streamaudio
"855",svtplay
"856",tagoo
"857",taku_file_bin
"858",teachertube
"859",techinline
"860",tidaltv
"861",tokbox
"862",tudou
"863",tv4play
"864",twitpic
"865",usejump
"866",ustream
"867",vakaka
"868",veetle
"869",vyew
"870",web_crawler
"871",wixi
"872",xm_radio
"873",yahoo_douga
"874",yoono
"875",youku
"876",yourfilehost
"877",youseemore
"878",yousendit
"879",yugma
"880",yuuguu
"881",zoho_crm
"882",zoho_db
"883",zoho_im
"884",zoho_meeting
"885",zoho_people
"887",foxy
"888",live_meeting
"889",gotomeeting
"890",webex
"892",slingbox
"893",bloomberg
"894",gotomypc
"895",Tor
"896",lotus_sametime
"897",altiris
"898",ms_communicator
"899",poker_stars
"901",db2
"902",clearcase
"903",gnunet
"906",gmail_drive
"911",activesync
"913",iiop
"914",diop
"918",jedi
"919",msrp
"922",rss
"925",sharepoint_calendar
"927",socks2http
"929",adobe_connect
"932",blackberry
"933",ncp
"934",time
"935",Echo
"942",flash
"943",google_gen
"944",siebel_crm
"945",my_yahoo
"946",apple_airport
"947",Sybase
"948",01net
"949",10086cn
"950",114la
"951",115com
"952",118114cn
"953",123people
"954",abcnews
"955",about
"956",accuweather
"957",acer
"958",acrobat
"960",addictinggames
"961",adultadworld
"962",adultfriendfinder
"963",agame
"964",aiaigame
"965",alexa
"966",aljazeera
"967",allocine
"968",amazon
"969",americanexpress
"970",answers
"971",armorgames
"972",att
"973",aufeminin
"974",blogger
"975",blogspot
"976",bluejayfilms
"977",businessweek
"979",cam4
"980",camzap
"981",capitalone
"982",cartoonnetwork
"983",cdiscount
"984",chinacom
"985",chinacomcn
"986",clubic
"987",cnet
"988",cnn
"989",cntv
"990",comcast
"991",dailymail
"992",daum
"993",davidov
"995",digg
"996",directv
"997",drupal
"998",foxmovies
"999",foxnews
"1000",foxsports
"1001",groupon
"1002",hardsextube
"1003",hgtv
"1004",howstuffworks
"1005",ikea
"1006",intuit
"1008",karosgame
"1009",kaspersky
"1010",keezmovies
"1011",laredoute
"1013",leboncoin
"1014",letv
"1015",livedoor
"1016",liveinternet
"1017",mashable
"1018",match
"1019",monster
"1020",mozilla
"1021",mtv
"1022",multiupload
"1023",musica
"1024",myvideo
"1025",mywebsearch
"1026",nasa
"1027",nationallottery
"1028",nationalgeographic
"1029",naver
"1030",nba
"1031",nfl
"1033",nike
"1034",ntv
"1035",nydailynews
"1036",nytimes
"1037",onlinedown
"1039",playstation
"1040",pps
"1041",pptv
"1042",priceminister
"1043",redtube
"1044",reuters
"1045",reverso
"1046",rtl
"1047",ryanair
"1048",sfr
"1049",sky
"1050",skycn
"1051",slideshare
"1052",spiegel
"1053",sportsillustrated
"1054",sprint
"1055",stayfriends
"1056",surveymonkey
"1057",tf1
"1058",torrentdownloads
"1059",torrentz
"1060",tu
"1061",tube8
"1062",tv
"1063",univision
"1064",uploading
"1065",usatoday
"1066",videobash
"1067",videosurf
"1068",vietbao
"1069",vimeo
"1070",washingtonpost
"1071",wat
"1072",weather
"1073",windowsmedia
"1074",xbox
"1075",xnxx
"1076",xrea
"1077",xvideos
"1078",xvideoslive
"1079",youdao
"1080",youm7
"1081",youporn
"1083",meetingplace
"1086",filemaker_pro
"1087",cgiproxy
"1088",sina
"1089",qqdownload
"1090",ppfilm
"1092",phproxy
"1093",whatsapp
"1094",funshion
"1096",sophos_update
"1097",sina_weibo
"1098",taobao
"1099",google_desktop
"1100",cvs
"1101",sugar_crm
"1102",qq_weibo
"1103",icap
"1104",google_appengine
"1105",google_toolbar
"1106",appstore
"1107",ghostsurf
"1108",xfs
"1109",svn
"1111",windows_marketplace
"1112",eve_online
"1114",zabbix_agent
"1116",gmx
"1117",facetime
"1118",apns
"1119",ios_ota_update
"1120",teamspeak_v3
"1121",samsung_apps
"1122",google_play
"1123",050plus
"1124",line
"1125",google_plus
"1126",icloud
"1127",kaskus
"1128",detik
"1129",vivanews
"1130",kompas
"1131",klikbca
"1132",detiknews
"1133",tokobagus
"1134",kapanlagi
"1135",okezone
"1136",indowebster
"1137",indonetwork
"1138",stafaband
"1139",lintasberita
"1140",inilah
"1141",gudanglagu
"1142",tempointeraktif
"1143",xl_wap
"1144",xlnet
"1145",kemenkumham
"1146",saberindo
"1147",gratisindo
"1148",livingsocial
"1149",jobstreet
"1150",games_co
"1151",nexian
"1152",jne
"1153",republika
"1154",bca_co
"1155",lionair
"1156",xl_webmail
"1157",suppersoccer
"1158",three
"1159",ziddu
"1160",kompasiana
"1161",tribunnews
"1162",berniaga
"1163",blogdetik
"1164",travian
"1166",scribd
"1167",amazon_mp3
"1168",blip_tv
"1169",blockbuster
"1170",cnet_tv
"1171",google_skymap
"1172",hbo_go
"1173",howcast
"1174",hulu
"1175",instagram
"1176",metacafe
"1177",yahoo_screen
"1178",shazam
"1179",slacker
"1180",soundcloud
"1181",tunein
"1182",vevo
"1183",amazon_aws
"1184",live_storage
"1186",kakaotalk
"1187",h248_binary
"1188",h248_text
"1189",rhapsody
"1190",seoul_news
"1191",11st
"1192",asiae
"1193",buddybuddy
"1194",bugs
"1195",chosun
"1196",cj_mall
"1197",coupang
"1198",zum
"1199",dnshop
"1200",donga
"1201",dreamwiz
"1202",emaps
"1203",gmarket
"1204",gsshop
"1205",hankooki
"1206",hankyung
"1207",heraldm
"1208",kbstar
"1209",khan
"1210",lg_eshop
"1211",lotte
"1212",mbn
"1213",mk
"1214",mt
"1215",natecyworld
"1216",netmarble
"1217",nonghyup_bank
"1218",pimang
"1219",paran
"1220",sayclub
"1221",sbs
"1222",segye
"1223",shinhan
"1224",sportchosun
"1225",sportsseoul
"1226",ticketmonster
"1227",tistory
"1228",wooribank
"1229",auction
"1230",chosun_daily
"1231",mbc
"1232",interpark
"1233",joongang_daily
"1234",kbs
"1235",kb_bank
"1236",nexon
"1237",yahoo_korea
"1238",ultrasurf
"1239",aimini
"1240",amazon_video
"1241",qq_web
"1242",163com
"1243",sohu
"1244",soso
"1245",ifeng
"1246",tmall
"1247",hao123
"1248",360buy
"1249",chinaz
"1250",alipay
"1251",sogou
"1252",douban
"1253",tianya
"1254",cnzz
"1255",360cn
"1256",pengyou
"1257",58com
"1258",alibaba
"1259",56com
"1260",pconline
"1261",iqiyi
"1262",zol
"1263",xinhuanet
"1264",soku
"1265",csdn
"1266",ku6
"1267",people
"1268",aizhan
"1269",4399com
"1270",yesky
"1271",soufun
"1272",hudong
"1273",ganji
"1274",paipai
"1275",alimama
"1276",mop
"1277",51la
"1278",51job
"1279",blubster
"1280",facebook_apps
"1281",jajah
"1282",everquest
"1283",lineage2
"1284",akamai
"1285",zynga
"1286",llnwd
"1287",level3
"1288",windows_azure
"1290",802_11
"1294",yahoo
"1295",kik
"1296",wechat
"1297",youni
"1298",mitalk
"1299",mega
"1300",poco
"1302",m2ua
"1303",sua
"1304",m2pa
"1305",v5ua
"1308",fc2
"1309",rakuten
"1310",goo_ne
"1311",kakaku
"1312",ameba
"1313",hatena_ne
"1314",dmm_co
"1315",doorblog
"1316",2ch
"1317",seesaa
"1318",nifty
"1319",pixiv
"1320",blogimg
"1321",sakura_ne
"1322",atwiki
"1323",biglobe_ne
"1324",sonet_ne
"1325",okwave
"1326",tabelog
"1327",yomiuri
"1328",cocolog_nifty
"1329",nikkei
"1330",exblog
"1331",impress
"1332",ldblog
"1333",gree
"1334",auone
"1335",91com
"1336",104com
"1337",591tw
"1338",1111tw
"1339",10050net
"1340",17173com
"1341",17u
"1342",7k7k
"1343",9game
"1344",aili
"1345",anzhi
"1346",appchina
"1347",appledaily
"1348",appshopper
"1349",babyhome
"1350",backpackers
"1351",baike
"1352",baofeng
"1353",beanfun
"1354",books
"1355",businessweekly
"1356",china_airlines
"1357",chinanews
"1358",chinatimes
"1359",ck101
"1360",cnyes
"1361",ctrip
"1362",dangdang
"1363",duowan
"1364",eastmoney
"1365",easytravel
"1366",elle_tw
"1367",etao
"1368",ettoday
"1369",eyny
"1370",ezfly
"1371",eztravel
"1372",fashionguide
"1373",fortunechina
"1374",gamebase_tw
"1375",gamer_tw
"1376",gamesmomo
"1377",gfan
"1378",gohappy
"1379",hexun
"1380",hinet_games
"1381",i_gamer
"1382",i_part
"1383",iapp
"1384",ifeng_finance
"1385",intalking
"1386",kuxun
"1387",lady8844
"1388",lativ
"1389",liontravel
"1390",lotour
"1391",lvping
"1392",mail_189
"1393",mail2000
"1394",mangocity
"1395",mobile01
"1396",momoshop
"1397",money_163
"1398",moneydj
"1399",nba_china
"1400",nduoa
"1401",nownews
"1402",payeasy
"1403",pcgames
"1404",pchome
"1405",pclady
"1406",pixnet
"1407",qq_blog
"1408",qq_finance
"1409",qq_games
"1410",qq_lady
"1411",qq_mail
"1412",qq_news
"1413",qunar
"1414",ruten
"1415",sdo
"1416",sina_blog
"1417",sina_finance
"1418",sina_news
"1419",soft4fun
"1420",sohu_blog
"1421",stockq
"1422",suning
"1423",taiwanlottery
"1424",tencent
"1425",tgbus
"1426",udn
"1427",wallstreetjournal_china
"1428",wandoujia
"1429",wretch
"1430",xiami
"1431",xuite
"1432",yahoo_buy
"1433",yahoo_stock_tw
"1434",yam
"1435",yihaodian
"1436",yoka
"1439",konaminet
"1440",pornhub
"1441",gtalk
"1443",conduit
"1445",cloudflare
"1447",kankan
"1448",office365
"1449",zoho
"1450",crocko
"1451",here
"1452",meetme
"1453",sharepoint_online
"1454",lync_online
"1455",mplus_messenger
"1456",mobage
"1457",softbank
"1458",radiko
"1459",nend
"1460",monex
"1462",sina_video
"1463",cctv_vod
"1464",baidu_player
"1465",speedtest
"1466",tunewiki
"1467",espn
"1468",mapquest
"1470",pinterest
"1471",cloudme
"1472",imeet
"1473",webex_weboffice
"1474",citrix_online
"1475",peercast
"1476",buzzfeed
"1477",sugar_sync
"1478",outlook
"1479",reddit
"1480",imdb
"1481",apple_siri
"1482",wikia
"1483",imgur
"1484",thepiratebay
"1485",hotfile
"1486",imageshack
"1487",xhamster
"1488",nimbuzz_web
"1489",google_docs
"1490",zoho_notebook
"1491",zoho_planner
"1492",zoho_share
"1493",zoho_sheet
"1494",zoho_show
"1495",evernote
"1496",comm
"1498",jingdong
"1499",lotus_live
"1500",apple_maps
"1501",ubuntu_one
"1502",qik_video
"1503",gomtv_vod
"1505",51_com
"1506",51_com_music
"1507",51_com_posting
"1508",51_com_bbs
"1509",axifile
"1510",baidu_hi_games
"1511",bebo_mail
"1512",bet365
"1514",bondisk
"1515",chatroulette
"1516",chinaren
"1517",clearspace
"1518",clubbox
"1519",cryptoheaven
"1520",cyworld
"1521",daummail
"1522",dcinside
"1523",diodeo
"1524",egnyte
"1525",elluminate
"1526",ezpeer
"1527",fileguri
"1528",filei
"1529",filemail
"1530",fileserve
"1531",fotoweb
"1532",fuze_meeting
"1533",gatherplace
"1534",gigatribe
"1535",gogobox
"1536",gomeetnow
"1537",issuu
"1538",jap
"1539",lastpass
"1540",lokalisten
"1542",mail_ru_games
"1543",mail_ru_moimir
"1544",mail_ru_webagent
"1545",mekusharim
"1546",mendeley
"1547",mgoon
"1548",miro
"1549",mydownloader
"1550",naverdrive
"1551",navermail
"1552",nefsys
"1553",onehub
"1554",pichat
"1555",piolet
"1556",adobe_online_office
"1557",bbm
"1560",blackberry_locate
"1562",itv_player
"1563",blackberry_update
"1564",lync
"1565",saavn_music
"1566",magumagu
"1567",chat_on
"1568",touch
"1569",mypeople_messenger
"1570",line_wind_runner
"1571",maaii
"1572",line_games
"1573",vuze
"1574",xboxlive_marketplace
"1575",skydrive_login
"1576",unassigned_ip_prot_143
"1577",unassigned_ip_prot_144
"1578",unassigned_ip_prot_145
"1579",unassigned_ip_prot_146
"1580",unassigned_ip_prot_147
"1581",unassigned_ip_prot_148
"1582",unassigned_ip_prot_149
"1583",unassigned_ip_prot_150
"1584",unassigned_ip_prot_151
"1585",unassigned_ip_prot_152
"1586",unassigned_ip_prot_153
"1587",unassigned_ip_prot_154
"1588",unassigned_ip_prot_155
"1589",unassigned_ip_prot_156
"1590",unassigned_ip_prot_157
"1591",unassigned_ip_prot_158
"1592",unassigned_ip_prot_159
"1593",unassigned_ip_prot_160
"1594",unassigned_ip_prot_161
"1595",unassigned_ip_prot_162
"1596",unassigned_ip_prot_163
"1597",unassigned_ip_prot_164
"1598",unassigned_ip_prot_165
"1599",unassigned_ip_prot_166
"1600",unassigned_ip_prot_167
"1601",unassigned_ip_prot_168
"1602",unassigned_ip_prot_169
"1603",unassigned_ip_prot_170
"1604",unassigned_ip_prot_171
"1605",unassigned_ip_prot_172
"1606",unassigned_ip_prot_173
"1607",unassigned_ip_prot_174
"1608",unassigned_ip_prot_175
"1609",unassigned_ip_prot_176
"1610",unassigned_ip_prot_177
"1611",unassigned_ip_prot_178
"1612",unassigned_ip_prot_179
"1613",unassigned_ip_prot_180
"1614",unassigned_ip_prot_181
"1615",unassigned_ip_prot_182
"1616",unassigned_ip_prot_183
"1617",unassigned_ip_prot_184
"1618",unassigned_ip_prot_185
"1619",unassigned_ip_prot_186
"1620",unassigned_ip_prot_187
"1621",unassigned_ip_prot_188
"1622",unassigned_ip_prot_189
"1623",unassigned_ip_prot_190
"1624",unassigned_ip_prot_191
"1625",unassigned_ip_prot_192
"1626",unassigned_ip_prot_193
"1627",unassigned_ip_prot_194
"1628",unassigned_ip_prot_195
"1629",unassigned_ip_prot_196
"1630",unassigned_ip_prot_197
"1631",unassigned_ip_prot_198
"1632",unassigned_ip_prot_199
"1633",unassigned_ip_prot_200
"1634",unassigned_ip_prot_201
"1635",unassigned_ip_prot_202
"1636",unassigned_ip_prot_203
"1637",unassigned_ip_prot_204
"1638",unassigned_ip_prot_205
"1639",unassigned_ip_prot_206
"1640",unassigned_ip_prot_207
"1641",unassigned_ip_prot_208
"1642",unassigned_ip_prot_209
"1643",unassigned_ip_prot_210
"1644",unassigned_ip_prot_211
"1645",unassigned_ip_prot_212
"1646",unassigned_ip_prot_213
"1647",unassigned_ip_prot_214
"1648",unassigned_ip_prot_215
"1649",unassigned_ip_prot_216
"1650",unassigned_ip_prot_217
"1651",unassigned_ip_prot_218
"1652",unassigned_ip_prot_219
"1653",unassigned_ip_prot_220
"1654",unassigned_ip_prot_221
"1655",unassigned_ip_prot_222
"1656",unassigned_ip_prot_223
"1657",unassigned_ip_prot_224
"1658",unassigned_ip_prot_225
"1659",unassigned_ip_prot_226
"1660",unassigned_ip_prot_227
"1661",unassigned_ip_prot_228
"1662",unassigned_ip_prot_229
"1663",unassigned_ip_prot_230
"1664",unassigned_ip_prot_231
"1665",unassigned_ip_prot_232
"1666",unassigned_ip_prot_233
"1667",unassigned_ip_prot_234
"1668",unassigned_ip_prot_235
"1669",unassigned_ip_prot_236
"1670",unassigned_ip_prot_237
"1671",unassigned_ip_prot_238
"1672",unassigned_ip_prot_239
"1673",unassigned_ip_prot_240
"1674",unassigned_ip_prot_241
"1675",unassigned_ip_prot_242
"1676",unassigned_ip_prot_243
"1677",unassigned_ip_prot_244
"1678",unassigned_ip_prot_245
"1679",unassigned_ip_prot_246
"1680",unassigned_ip_prot_247
"1681",unassigned_ip_prot_248
"1682",unassigned_ip_prot_249
"1683",unassigned_ip_prot_250
"1684",unassigned_ip_prot_251
"1685",unassigned_ip_prot_252
"1686",ip_exp_1
"1687",ip_exp_2
"1688",apple_airplay
"1689",apple_airprint
"1690",abc
"1691",ants_p2p
"1692",bitcoin
"1693",filesovermiles
"1694",lanshark
"1695",softros_messenger
"1696",stealthnet
"1697",vsee
"1698",luke
"1699",jxta
"1700",1337x
"1701",bitworld
"1702",animebw
"1703",asiandvdclub
"1704",bemaniso
"1705",bitenova
"1706",bithq
"1707",bitme
"1708",bitmetv
"1709",bitseduce
"1710",bitshock
"1711",bitsoup
"1712",bitvaulttorrent
"1713",bootytape
"1714",browntracker
"1715",bt_chat
"1716",bt_wrzru
"1717",btjunkie
"1718",central_torrent
"1719",cinemageddon
"1720",crazysaloon
"1721",cuteyhoneyflash
"1722",cyber12
"1723",danishbits
"1724",deepseek
"1725",dreamora
"1726",energy_torrent
"1727",extremebits
"1728",extremenova
"1729",fenopy
"1730",freeloader
"1731",freetorrent
"1732",kingdomxxx
"1733",qtrax
"1734",raulken
"1735",rayfile
"1736",rmvbusters
"1737",scenehd
"1738",sharebox
"1739",sharereactor
"1740",swepiracy
"1741",tamilthunder_com
"1742",usabit_com
"1743",vector
"1744",iminent
"1745",pole_emploi
"1746",labanquepostale
"1747",paypal
"1748",westpac
"1749",rutracker
"1750",hsbc
"1751",anz
"1752",kapook
"1753",orange
"1754",bbc
"1755",avg
"1756",softonic
"1757",commentcamarche
"1758",y8
"1759",ucoz
"1760",telegraaf
"1761",elpais
"1762",sanook
"1763",t_online
"1764",marca
"1765",delta_search
"1766",babylon
"1767",neobux
"1768",vube
"1769",kooora
"1770",mercadolibre
"1771",yieldmanager
"1772",olx
"1773",espncricinfo
"1774",searchnu
"1775",panet
"1776",directrev
"1777",swedbank
"1778",news_am
"1779",nordea
"1780",goal
"1781",ilivid
"1782",adcash
"1783",encuentra24
"1784",delfi
"1785",telegraf
"1786",slando
"1787",morefreecamsecrets
"1788",sapo
"1789",opensooq
"1790",startimes
"1791",to_mati
"1792",tv2
"1793",weather2umbrella
"1794",adserverplus
"1795",heureka
"1796",blogfa
"1797",jfranews
"1798",gumtree
"1799",apple_hls
"1800",avito_ma
"1801",avito_ru
"1802",bt_bt
"1803",bt_dk
"1804",hkgolden
"1805",caf
"1806",blic
"1807",centrum_cz
"1808",centrum_sk
"1809",flycell_ec
"1810",flycell_pe
"1811",free
"1812",index_hr
"1813",index_hu
"1814",jobs_af
"1815",jobs_bg
"1816",gulfup
"1817",dubizzle
"1818",kurir_info
"1819",15min
"1820",24h
"1821",24ora
"1822",24sata
"1823",24ur
"1824",abc_news
"1825",abidjan
"1826",abv
"1827",aftonbladet
"1828",aktuality
"1829",alfajertv
"1830",allegro
"1831",almanar
"1832",alnilin
"1833",alrakoba
"1834",alwatanvoice
"1835",ambebi
"1836",aprod
"1837",avto
"1838",azet
"1839",b92
"1840",balkanweb
"1841",banglanews24
"1842",bdnews24
"1843",blocket
"1844",blog
"1845",bluewin
"1846",bolha
"1847",clasificadosonline
"1848",craigslist
"1849",crnobelo
"1850",dagbladet
"1851",dantri
"1852",dap_news
"1853",dbs
"1854",defimedia
"1855",dir
"1856",donedeal
"1857",dorgio
"1858",draugas
"1859",druknet
"1860",dstv
"1861",dv
"1862",echoroukonline
"1863",ekantipur
"1864",ekstrabladet
"1865",elcat
"1866",elheddaf
"1867",elnuevodia
"1868",elnuevodiario
"1869",facenama
"1870",farsnews
"1871",fatakat
"1872",fijitimes
"1873",finn
"1874",foreningssparbanken
"1875",freemail
"1876",garaanews
"1877",gazeta
"1878",ghanaweb
"1879",globo
"1880",gogo
"1881",grid
"1882",guampdn
"1883",haveeru
"1884",hespress
"1885",hurriyet
"1886",ibay
"1887",idnes
"1888",igihe
"1889",ikman
"1890",ikub
"1891",iltalehti
"1892",iltasanomat
"1893",inbox
"1894",indiatimes
"1895",ing
"1896",interia
"1897",ja
"1898",jamiiforums
"1899",khmerload
"1900",kigalitoday
"1901",kijiji
"1902",kuenselonline
"1903",laprensa
"1904",leral
"1905",lotterypost
"1907",filesharepro
"1909",sccm
"1910",somud
"1911",tvking
"1912",imessage_file_download
"1913",bits
"1914",worksite
"1915",ypbind
"1918",maltapark
"1919",mana
"1920",marktplaats
"1921",mihanblog
"1922",moov
"1923",motika
"1924",mudah
"1925",nairaland
"1926",namba
"1927",njuskalo
"1928",ouedkniss
"1929",persianblog
"1930",petitesannonces
"1931",peyvandha
"1932",pik
"1933",plius
"1934",qatarliving
"1935",radio1
"1936",ricardo
"1937",sahibinden
"1938",saitebi
"1939",seznam
"1940",shobiddak
"1941",skelbiu
"1942",s_oman
"1943",ss
"1944",sulit
"1945",super
"1947",trademe
"1948",tunisia_sat
"1949",tut
"1950",varzesh3
"1951",vbox7
"1952",walla
"1953",willhaben
"1954",zoznam
"1955",data_hu
"1957",filepost_ru
"1958",ifolder_ru
"1961",load_to
"1963",uploaded_net
"1964",leteckaposta_cz
"1965",yourfiles_biz
"1967",ultrashare_net
"1970",upload_com
"1971",rapidupload_com
"1972",transferbigfiles_com
"1974",bestsharing_com
"1978",savefile_com
"1987",gigasize_com
"1988",sharebee_com
"1989",megashares_com
"1991",filefactory_com
"1993",uploadingit_com
"1995",simpleupload_net
"1997",filesend_net
"1998",filer_net
"2000",odsiebie_najlepsze_net
"2001",frostwire
"2002",Hotspotshield
"2003",allmusic
"2004",mp3_rocket
"2005",hamachi
"2006",peerguardian
"2007",freeproxies
"2008",opengw
"2009",gbridge
"2010",asproxy
"2011",path
"2012",xl_webportal
"2013",xl_nonton
"2014",scheduled_tp
"2015",conviva
"2016",edgecast
"2017",20min
"2018",abola
"2019",alakhbar
"2020",aliexpress
"2021",alwakeelnews
"2022",apa
"2023",atlasinfo
"2024",avaz
"2025",bankmellat
"2026",bidorbuy
"2027",bikhir
"2028",bild
"2029",blick
"2030",caak
"2031",cas
"2032",cdm
"2034",clarin
"2035",coccoc
"2036",cyberctm
"2037",dakaractu
"2038",day
"2039",dealfish
"2040",derstandard
"2041",diretube
"2042",doisongphapluat
"2043",dr
"2044",elcomercio
"2045",eldeber
"2046",elheraldo
"2047",elmundo
"2048",nagariknews
"2049",nation
"2050",nationnews
"2051",net
"2052",newsit
"2053",nrk
"2054",nzherald
"2055",onlinekhabar
"2056",orf
"2057",pantip
"2058",partis
"2059",philenews
"2060",press24
"2061",prodavalnik
"2062",puls24
"2063",repubblica
"2064",rt
"2065",ruv
"2066",sabq
"2067",sameerbook
"2068",seneweb
"2069",siol
"2070",sme
"2071",standardmedia
"2072",tasweernews
"2073",timesofmalta
"2074",torg
"2075",uol
"2076",vg
"2077",visir
"2078",wp
"2079",ynet
"2080",zamunda
"2081",999_md
"2082",apollo_lv
"2083",ask_fm
"2084",elnashra
"2085",elsalvador
"2086",emol
"2087",essirage
"2088",ethiojobs
"2089",ethiotube
"2090",filelist
"2091",flipkart
"2092",forum
"2093",gerasanews
"2094",gob
"2095",gossiplankanews
"2096",hln
"2097",hs
"2099",investigator
"2100",jutarnji
"2101",kajgana
"2102",klix
"2103",lanacion
"2104",lexpress
"2105",lrytas
"2106",maannews
"2107",mako
"2108",maltatoday
"2109",maybank2u
"2110",mbl
"2111",merrjep
"2112",milliyet
"2113",mistreci
"2114",monitor
"2115",nacion
"2116",news_mn
"2117",news24
"2118",novinky
"2119",nu
"2120",onet
"2121",onliner
"2122",origo
"2123",paraguay
"2124",pazar3
"2125",postimees
"2126",pressan
"2128",reklama5
"2129",rimnow
"2130",rtvslo
"2131",sabay
"2132",saharamedias
"2133",sana
"2134",shekulli
"2135",skroutz
"2136",souq
"2137",stuff
"2138",tawary
"2139",topky
"2140",trend
"2141",tvnet
"2142",vanguardngr
"2143",vijesti
"2144",vnexpress
"2145",yle
"2146",zaluu
"2147",zing
"2148",perfect_dark
"2150",google_accounts
"2151",mikogo
"2152",bittorrent_application
"2154",octoshape
"2156",armorgames_play
"2158",livemail_attach
"2160",top_channel
"2161",educarriere
"2162",mihanwebads
"2163",jamaicaobserver
"2164",over_blog
"2165",elhourriya
"2166",moe_gov
"2167",ultimahora
"2168",fnb
"2169",mosaiquefm
"2170",haber7
"2171",newvision
"2172",lapatilla
"2173",sahafah
"2174",yemen_net
"2175",oneworld_org
"2176",fruit_ninja
"2177",my_talking_tom
"2178",clumsy_ninja
"2179",the_simpsons_tapped_out
"2180",deer_hunter_2014
"2181",gazetaexpress
"2182",khmer_news
"2183",eltiempo
"2184",gazzetta
"2185",aib
"2186",sarayanews
"2187",arabiaweather
"2188",palweather
"2189",kwejk
"2190",xl
"2191",mercador
"2192",globalpublishers
"2193",mover
"2194",noticias24
"2195",foxbusiness
"2196",air_video
"2197",free_music_download
"2198",telegrafi
"2199",news_au
"2200",kohsantepheapdaily
"2201",vecernji
"2202",sigmalive
"2203",eluniverso
"2204",myjoyonline
"2205",tayyar
"2206",femina
"2207",amazon_adsystem
"2208",a_dakar
"2209",aol
"2210",snapchat
"2211",champion_football
"2212",gt_racing_2
"2213",gameloft
"2214",akinator
"2215",tapatalk
"2216",puzzle_and_dragon
"2217",infinity_blade_ii
"2218",farmville
"2219",cameroon_info
"2220",yapo
"2221",crhoy
"2222",ecuavisa
"2223",lapagina
"2224",mozzi
"2225",aastocks
"2226",aparat
"2227",digikala
"2228",xendan
"2229",naver_mobile
"2230",stick_cricket
"2231",addthis
"2232",yadro
"2233",utorrent
"2234",bitlord
"2235",nokia
"2236",turn
"2237",scorecardresearch
"2238",quantcast
"2239",burt
"2240",telegram
"2241",subway_surfers
"2242",angry_birds
"2243",rovio
"2244",candy_crush_saga
"2245",king
"2246",waze
"2247",huffington_post
"2248",onelife
"2249",fsecure
"2250",symantec
"2251",oracle
"2252",doodle_jump
"2253",bitstrips
"2254",pou
"2255",quizup
"2256",plants_vs_zombies
"2257",aol_on
"2258",kakaostory
"2259",tower_of_saviors
"2260",empire_four_kingdoms
"2261",skee_ball_arcade
"2262",expatriates
"2263",dba
"2264",almasryalyoum
"2265",albawabhnews
"2266",tonaton
"2267",prensalibre
"2268",discuss
"2269",ammonnews
"2270",independent
"2271",essahraa
"2272",amjilt
"2273",wattan
"2274",prensa
"2275",trinidadexpress
"2276",webtretho
"2277",truste
"2278",openstreetmap
"2279",criteo
"2280",adobe
"2281",videoplaza
"2282",zendesk
"2283",5pmweb
"2284",magicjack
"2285",viewpath
"2286",roboform
"2287",deskaway
"2288",google_safebrowsing
"2289",wsop
"2290",zombie_tsunami
"2291",teltel
"2292",6play
"2293",dhcp6
"2295",toggle
"2296",qoo10
"2297",tigerair
"2298",zuji
"2299",inneractive
"2300",flurry
"2301",crittercism
"2302",digitalriver
"2303",samsung
"2304",jobsdb
"2305",hungrygowhere
"2306",sgcarmart
"2307",golden_village
"2308",mailru_agent
"2309",sistic
"2310",propertyguru
"2311",egloos
"2312",naver_blog
"2313",yodiz
"2314",carbonite
"2315",wrike
"2316",goplan
"2317",sabameeting
"2318",nate_mail
"2319",crashlytics
"2320",trafficfactory
"2321",visadd
"2322",brightcove
"2323",plentyoffish
"2324",beatport
"2325",vtun
"2326",minecraft_pocket
"2327",iRODS
"2328",twitch
"2329",boldchat
"2330",okcupid
"2331",facebook_messenger
"2333",inmobi
"2334",appsflyer
"2335",apsalar
"2336",gravatar
"2337",bleep
"2338",139mail
"2339",fetion
"2340",freewheel
"2341",xiaomi
"2342",mocean
"2343",turner
"2344",nielsen
"2345",zalo
"2346",8021ad
"2347",viewster
"2348",liverail
"2349",exacqvision
"2350",stickyads
"2351",beetalk
"2352",gigacircle
"2353",bancopopular
"2354",tukif
"2355",raya
"2356",emag
"2357",vuiviet
"2358",expressen
"2359",r10
"2360",hihi2
"2361",rudaw
"2362",linio
"2363",vetogate
"2364",ltt
"2365",clicanoo
"2366",bigeye
"2367",mapy
"2368",ovaciondigital
"2370",crackle
"2372",vmware_horizon_view
"2373",afreeca
"2374",vpnoverdns
"2375",iodine
"2376",battlenet
"2377",indeksonline
"2378",primewire
"2379",el_balad
"2380",lun
"2381",elwatannews
"2382",protothema
"2383",tiempo
"2384",nextmedia
"2385",jamaica_gleaner
"2386",weather4all
"2387",life
"2388",aqlame
"2389",timesofoman
"2390",shabiba
"2391",tune
"2392",inquirer
"2393",kupujemprodajem
"2394",trinituner
"2395",ukr
"2396",clip
"2397",marebpress
"2398",4chan
"2399",4tube
"2400",99acres
"2401",aajtak
"2402",aceproject
"2403",ammyy_admin
"2404",amoebaos
"2405",animoto
"2406",asana
"2407",aiccu_tic
"2408",zumodrive
"2409",WCCP
"2410",mobilemarket
"2411",find_my_iphone
"2412",mubi
"2413",xcap
"2414",llp
"2415",lajmi
"2416",onclickads
"2417",cubadebate
"2418",icrt
"2419",tothemaonline
"2420",elblog
"2421",neti
"2422",auto24
"2423",tahiti_infos
"2424",lider_bet
"2425",web
"2426",zougla
"2427",ts
"2428",think
"2429",kolektiv
"2430",kstna
"2431",abs_cbnnews
"2432",tocmai
"2433",bazos
"2434",ppomppu
"2435",milanuncios
"2436",eksisozluk
"2437",ccproxy
"2438",distcc
"2439",java_rmi
"2440",lava_lava
"2441",sip_soap
"2442",onlive
"2443",vxlan
"2444",vine
"2445",mixpanel
"2446",smartadserver
"2447",tanx
"2448",videosz
"2449",cedexis
"2450",filerio
"2451",hootsuite
"2452",mypocket
"2453",amazon_cloud_drive
"2454",destiny
"2455",freenet
"2456",smartalk
"2457",acbar
"2458",koha
"2459",crystalbet
"2460",soy502
"2461",clickyab
"2462",royanews
"2463",aljarida
"2464",talabat
"2465",vecer
"2467",alyaoum24
"2468",hibapress
"2469",chouftv
"2470",setopati
"2471",konga
"2472",jumia
"2473",alaraby
"2474",kurir
"2475",hardwarezone
"2476",lankadeepa
"2477",ringring
"2478",wada
"2479",almashhad
"2480",punyumunyu
"2481",bjnp
"2482",twoo
"2483",gcs
"2484",gcm
"2485",anspress
"2486",offnews
"2487",biobiochile
"2488",laprensagrafica
"2489",myauto
"2490",alkawnnews
"2491",6alabat
"2492",point
"2493",inwi
"2494",lazada
"2495",gettyimages
"2496",adaderana
"2497",hirufm
"2498",bomb01
"2499",yemennow
"2500",curse
"2501",big5_sporting_goods
"2502",google_calendar
"2503",socialcam
"2504",oxu
"2505",lent
"2506",sportal
"2507",elfagr
"2509",theladbible
"2510",sarahanews
"2511",safaricom
"2512",public
"2513",aftenposten
"2514",urdupoint
"2515",junkmail
"2516",clien
"2517",onedio
"2518",apple_location
"2519",flipboard
"2520",trafficjunky
"2522",i2p
"2523",openx
"2524",pubmatic
"2525",indexexchange
"2526",lotame
"2527",rubiconproject
"2528",cpmstar
"2529",adtech
"2530",sizmek
"2531",appnexus
"2532",safewebonline
"2534",opera_mobile_store
"2535",aol_one
"2536",rlcdn
"2537",abc_au
"2538",afl
"2539",carsales
"2540",catchoftheday
"2541",domain
"2542",fetchtv
"2543",foxsports_au
"2544",foxtel
"2545",myoptus
"2547",nrl
"2548",quickflix
"2549",realestate
"2550",sbs_au
"2551",smh
"2552",bigpond_movies
"2553",http2
"2555",tor2web
"2556",constantcontact
"2557",putlocker
"2558",thevideos
"2559",github
"2560",xbox_music
"2561",bitbucket
"2562",akipress
"2563",alsjl
"2564",ant1iwo
"2565",bongacams
"2566",cpasbien
"2567",elmogaz
"2568",fanpage
"2569",gmw
"2570",granma
"2571",jofogas
"2572",muhitelyemen
"2573",mystart
"2574",sabah
"2575",salamnews
"2576",skynewsarabia
"2577",thithtoolwin
"2578",tv3
"2579",yr
"2580",atlassian
"2581",web_de
"2582",public_lu
"2583",pastebin
"2584",internet_org
"2585",suresome
"2586",kakaocdn
"2587",advertising_com
"2588",daily_strength
"2589",sourceforge
"2590",pastebin_posting
"2591",google_tags
"2592",google_play_music
"2593",anipang
"2594",facebook_video
"2596",my_com
"2597",epom
"2598",bizographics
"2599",adsafeprotected
"2600",aptoide
"2601",simperium
"2602",helpshift
"2603",splunk
"2604",adjust
"2605",origjinale
"2606",list_am
"2607",khmer_note
"2608",khmer_press
"2609",elnuevoherald
"2610",listindiario
"2611",yallakora
"2612",mymarket
"2613",guatevision
"2614",hir24
"2615",sanjesh
"2616",nrttv
"2617",scotiabank
"2618",vz_lt
"2619",etajakhabar
"2620",dealdey
"2621",milad
"2622",shasha
"2623",banesc_online
"2624",nefsis
"2625",xbox_video
"2626",baidu_wallet
"2627",spredfast
"2628",atlassolutions
"2629",net_proxy
"2630",urbanairship
"2631",xinnet
"2632",alwasatnews
"2633",ekskluziva
"2634",alwafd
"2635",ebay_classifieds
"2636",pulse_com_gh
"2637",peacefmonline
"2638",hvg_hu
"2639",shop_com_mm
"2640",gmanetwork
"2641",diply
"2642",contentabc
"2645",AFP
"2646",bootstrapcdn
"2647",apple_music
"2648",hidemyass
"2649",winamax
"2650",googlebot
"2651",mydrive
"2652",outbrain
"2653",filesanywhere
"2654",cbs_video
"2655",spynet
"2656",logmein_rescue
"2657",logmein
"2658",awempire
"2659",jasmin
"2660",fastly
"2661",unruly
"2664",disney_channel
"2665",disney_xd
"2666",disney_junior
"2667",dropshots
"2668",flipagram
"2669",godtube
"2670",heavy
"2671",jibjab
"2672",musicchoice
"2673",ncaa
"2674",rogers
"2675",showtime_anytime
"2676",stupid_videos
"2677",tbs
"2678",tntdrama
"2680",tvcatchup
"2681",uplynk
"2682",videojug
"2683",vidmax
"2684",wtv
"2685",threema
"2686",nbc
"2687",localytics
"2688",mopub
"2689",parse
"2690",viaplay
"2691",storytel
"2692",dropbox_upload
"2693",dropbox_download
"2694",ms_translator
"2695",nrdp
"2696",nrpe
"2697",hockeyapp
"2698",pd_proxy
"2699",zenmate
"2700",hbonordic
"2701",applovin
"2702",telestream
"2703",android_cnxmgr
"2704",moat
"2705",sina_webmail
"2707",sekindo
"2708",krux
"2709",perform
"2710",periscope
"2711",ms_sway
"2712",ms_planner
"2713",ms_onenote
"2714",ngrok
"2715",heap
"2716",id_net
"2717",olark
"2718",branch
"2719",optimizely
"2720",boxopus
"2721",liveperson
"2722",taboola
"2723",rovi
"2724",zopim
"2725",mapbox
"2726",milli
"2727",freshnewsasia
"2728",minuto30
"2729",themasports
"2730",cv_online
"2731",adplex_media
"2732",liputan6
"2733",bukalapak
"2734",shaparak
"2735",khaberni
"2736",sde
"2737",cvbankas
"2738",tn8
"2739",ramallah
"2740",abs_cbn
"2741",uptodown
"2742",vidme
"2743",ltn
"2744",jawharafm
"2745",google_code
"2746",debian
"2747",rollout
"2748",excel_online
"2749",rackspace
"2750",signal
"2751",livechat
"2752",glympse
"2753",appbot
"2754",riffsy
"2755",ensighten
"2756",3366_com
"2757",tune_inc
"2758",meerkat
"2759",xcams
"2760",dnxlive
"2761",javhd
"2762",ligatus
"2763",smaato
"2764",bitmedianetwork
"2765",braintree
"2766",oppetarkiv
"2767",qiniu
"2768",ac_reunion
"2769",adnetworkperformance
"2770",aljaras
"2771",blogphongthuy
"2772",buzzsenegal
"2773",citizentv
"2774",kickasstorrents
"2775",manoramaonline
"2776",mcb_home
"2777",newsbook
"2778",nhadatso
"2779",noa
"2780",politis_news
"2781",the_star
"2782",topfmradio
"2783",trackingclick
"2784",zeri
"2785",zoomtanzania
"2786",miaopai
"2787",go90
"2788",verizon
"2789",mediamath
"2790",lkqd
"2791",neulion
"2792",jquery
"2793",your_freedom
"2794",zedo
"2795",lookout_ms
"2796",adjaranet
"2797",annapurnapost
"2798",arenabg
"2799",avas
"2800",cnm
"2801",commbank
"2802",daikynguyen
"2803",ikon
"2804",radio_bethlehem_2000
"2805",senego
"2806",sportpesa
"2807",sun_online
"2808",tayara
"2809",wapa
"2810",xopom
"2811",everest_tech
"2812",tubemogul
"2813",bleacherreport
"2814",print_io
"2815",spotxchange
"2816",salesforce_chatter
"2817",vmotion
"2818",google_weblight
"2819",google_trusted_store
"2820",onedrive
"2821",microsoft
"2823",umeng
"2824",adf
"2825",annonces
"2826",bernews
"2827",buzzhand
"2828",caymannewsservice
"2829",channelmyanmar
"2830",chinadaily
"2831",cryptospout
"2832",dwarozh
"2833",ecaytrade
"2834",elbotola
"2835",el_nacional
"2836",elnoticiero
"2837",epa
"2838",haqqin
"2839",jetaoshqef
"2840",kaieteurnewsonline
"2841",kalerkantho
"2842",khmeread
"2843",movie2free
"2844",nur
"2845",pcloud
"2846",rappler
"2847",royalgazette
"2848",shqiperiaime
"2849",tokopedia
"2850",vaguthu
"2851",revcontent
"2852",new_relic
"2853",hola_webproxy
"2854",spotflux
"2855",bittorrent_bundle
"2856",google_spaces
"2857",fbcdn
"2860",funcaptcha
"2861",goldenfrog
"2862",mobfox
"2863",yandex_fotki
"2864",yandex_maps
"2865",google_photos
"2866",argaam
"2867",bulawayo24
"2868",cari
"2869",e_boks
"2870",emoo
"2871",republika_slovenija
"2872",zwherald
"2873",kasvyksta
"2874",manx
"2875",millardayo
"2876",teletica
"2877",tuberel
"2878",tvm
"2879",zimeye
"2880",liftoff
"2881",brazzers
"2882",baidu_maps
"2884",trippy
"2885",bofa
"2886",uber
"2887",qqvideo
"2888",ibm_tealeaf
"2889",slack
"2890",icy
"2891",switch_concepts
"2892",xiph
"2895",younow
"2896",advection
"2897",conversant
"2898",bazaarvoice
"2899",teads
"2901",iwarp
"2902",mebc
"2903",alyamanalaraby
"2904",baganmart
"2905",beirutpress
"2906",bint_jbeil
"2907",elkhadra
"2908",greenarea
"2909",handycafe
"2910",idokep
"2911",mihaaru
"2912",moi_qatar
"2913",ontests
"2915",st_lucia_news_online
"2916",starnieuws
"2917",thethao247
"2918",ti_les_twra
"2919",zahraa
"2922",clicktale
"2923",nuomi
"2924",adk2
"2925",adform
"2926",hotjar
"2928",zoom
"2929",pokemon_go
"2930",cdnetworks
"2931",gdb_remote
"2932",fix
"2933",weborama
"2934",elasticsearch
"2937",pronto
"2940",adjara
"2941",alquds
"2942",cibercuba
"2943",corriere
"2944",da7ye
"2945",estadio
"2946",myway
"2947",newsday
"2948",nieuwsblad
"2949",ratopati
"2950",sitel
"2951",tapchisao
"2952",tori
"2953",tunigate
"2954",uptobox
"2955",zone_telechargement
"2956",http_proxy
"2957",wsman
"2958",highwinds
"2959",google_localguides
"2960",itsup
"2961",xlovecam
"2962",wellsfargo
"2963",ifilmtv
"2964",douyu
"2965",innovid
"2966",stackexchange
"2967",stackoverflow
"2968",wix
"2969",panoramio
"2971",tinder
"2972",giphy
"2973",dameware
"2974",ami
"2975",andornet
"2976",banvenez
"2977",blastingnews
"2978",bwiza
"2979",dostor
"2980",elhawd
"2981",eskimi
"2982",gabonreview
"2983",imyanmarhouse
"2984",inyarwanda
"2985",javedch
"2986",motinews
"2987",mp3teca
"2988",nablustv
"2989",namu
"2990",pmhotnews
"2991",portalanalitika
"2992",qatarairways
"2993",rmix
"2994",sld
"2995",somon
"2996",sugklonistiko
"2997",topvideo
"2998",umac
"2999",unegui
"3000",uwi
"3001",zambiawatchdog
"3002",shutterstock
"3003",solarwinds
"3004",fcm
"3006",ubuntu
"3007",visa_checkout
"3008",heroku
"3009",pbx
"3010",imo
"3011",bidswitch
"3012",weiphone
"3013",padabum
"3014",banco_industrial
"3015",bonmarche
"3016",divar
"3017",hambastagi
"3018",hola
"3019",inewsmalta
"3020",infobae
"3021",innfrad
"3022",menstylefashion
"3023",mtn
"3024",nabluslive
"3025",ncore
"3026",tvn_noticias
"3027",yasour
"3028",clash_of_clans
"3029",supercell
"3030",amazon_music
"3031",facebook_live
"3032",cheetah_mobile
"3033",google_sprayscape
"3034",radiumone
"3035",word_online
"3036",powerpoint_online
"3087",opcua
"3088",ows
"3089",signal_private_messenger
"3090",kundo
"3091",tidal
"3092",wimp
"3093",streamrail
"3095",bugsnag
"3096",ocs
"3097",vidyard
"3098",office_docs
"3099",lightstreamer
"3100",game_center
"3101",nintendo
"3102",super_mario_run
"3103",merojax
"3104",turbo
"3105",prothom_alo
"3106",kbn_live
"3107",state_bank_of_india
"3108",mmm_nigeria
"3109",daraz
"3111",takealot
"3112",tajfile
"3113",rozetka
"3114",lusakatimes
"3115",google_inbox
"3117",pornsurvey
"3118",hockeycurve
"3119",adventori
"3125",airkast
"4001",9P
"4002",100Bao
"4003",5by5 Radio
"4004",Acoon
"4005",Active Users
"4006",Allmyapps
"4007",AppleStocks
"4008",APT
"4009",ArcGIS
"4010",Arekia Backup
"4011",Daytime
"4012",Easy Taxis
"4013",Meutim
"4014",OpenSignal
"4015",TCPMUX
"4016",TIM
"4017",Torcedor
"4018",VNC
"4019",Quickplay
"4020",AppleTV
